time,freq,kload,ACE,AGC
0.0,60.0,0.6418690563983533,0.0,0.0
1.0,59.58384481322889,0.6429404646165815,-0.0,0.0
2.0,59.052777844559685,0.642408570805729,33.39270263629898,33.39270263629898
3.0,58.853284238624376,0.6422564117242188,89.69324687696457,89.69324687696457
4.0,58.88715910693074,0.6435153679941237,131.3858190919752,131.3858190919752
5.0,59.039731471906165,0.643910640232351,155.62969721565088,155.6296972156509
6.0,59.25026383607881,0.6418944884163448,167.86715123572898,167.86715123572898
7.0,59.432438601979776,0.6431076281697946,171.3075566447066,171.30755664470664
8.0,59.67252566799779,0.6429252504726173,171.70870498137606,171.70870498137606
9.0,60.2414042083225,0.642570387977939,166.8063814500784,166.8063814500784
10.0,60.34012257399472,0.6420725936649725,122.09934708808872,122.09934708808872
11.0,60.296334358721516,0.6440986122747258,105.72656132648505,105.72656132648505
12.0,60.243641380957044,0.6419397466815928,101.6726427805815,101.6726427805815
13.0,60.14449514724302,0.6416546305425682,98.85188705700729,98.85188705700729
14.0,60.04659406415128,0.6440399645801546,101.85424356555433,101.85424356555434
15.0,60.354179888367256,0.6431248729283537,107.33415737720775,107.33415737720777
16.0,60.31455350235855,0.6417275817897914,80.10029946870452,80.10029946870452
17.0,60.306563485730294,0.6428152634902671,74.8664908329076,74.8664908329076
18.0,60.300994120395714,0.6422520409134059,68.4889052199263,68.4889052199263
19.0,60.28241407167653,0.6443486678554774,62.03381669506645,62.03381669506645
20.0,60.262915432216346,0.6426020242229065,56.75915103474536,56.75915103474537
21.0,60.231075222641486,0.6433588963320864,52.1058636071857,52.10586360718571
22.0,60.21467579353639,0.6427879706345918,48.93410617839535,48.93410617839536
23.0,60.19414270870395,0.6442317135890664,45.27511277705295,45.275112777052954
24.0,60.19648171579539,0.6429818559097872,42.22506214428142,42.225062144281424
25.0,60.190102464908925,0.6439197481014665,37.777971437305105,37.777971437305105
26.0,60.19246688854767,0.6432873385799309,33.85512467331178,33.85512467331178
27.0,60.201078704833755,0.6421765372843882,29.422526963752144,29.422526963752144
28.0,60.19723446715424,0.642715235936534,24.34897539342099,24.348975393420996
29.0,60.195115039010076,0.6424842850913405,20.08009144597694,20.08009144597694
30.0,59.85607256823211,0.6421073602406819,15.834406753182629,15.834406753182629
31.0,59.79611732748763,0.6415875850925515,39.36371443276782,39.36371443276783
32.0,59.85632428611109,0.6440078430880003,50.17100984999179,50.17100984999179
33.0,59.94052342655835,0.6405708441641988,50.02786643729181,50.02786643729181
34.0,59.9609015369506,0.6439472367941724,46.14040131655186,46.140401316551866
35.0,59.99431975013502,0.6412618259541575,45.12106446289401,45.12106446289402
36.0,59.99286357708845,0.6431263457031527,43.08836938272557,43.08836938272557
37.0,60.00143078582038,0.641981349789735,43.111000355919806,43.11100035591981
38.0,60.012923267774035,0.6408838591801443,42.58109193428359,42.5810919342836
39.0,59.993741545057816,0.6436797097142531,41.52304086745106,41.523040867451066
40.0,60.015574600156995,0.6401187818483816,42.75400772086466,42.754007720864664
41.0,59.99803878662797,0.6432979713066806,41.21492536284476,41.21492536284477
42.0,59.99773338068398,0.6426154744325633,42.168812567112276,42.168812567112276
43.0,59.993229032308655,0.6435202102052915,42.37552269434826,42.37552269434826
44.0,59.99739422566631,0.64307934700615,42.79293787440049,42.792937874400494
45.0,60.09749954258487,0.6430496564750516,42.625636293777596,42.625636293777596
46.0,60.11531893429758,0.6433183618484007,34.35980670485231,34.35980670485231
47.0,60.10527530442512,0.6432417538686545,29.88975971047741,29.889759710477414
48.0,60.083933015319445,0.6428385871385952,28.072999453770276,28.072999453770276
49.0,60.079802400516414,0.6420370315423231,27.586539754271822,27.586539754271822
50.0,60.07122044672719,0.6421261894570153,26.14356363014955,26.143563630149558
51.0,60.06382081845035,0.6424458573698543,25.102200587360635,25.102200587360635
52.0,60.06394547799464,0.6420565858664431,24.172915035206433,24.172915035206433
53.0,60.04569052523514,0.6444925776968288,22.76448475091245,22.764484750912455
54.0,60.05983786104271,0.642203749194195,22.830785077177463,22.830785077177463
55.0,60.073856095419856,0.6411130787680399,20.73979826371717,20.739798263717173
56.0,60.06787217624961,0.6420838992652349,18.111942890893655,18.111942890893662
57.0,60.06927430145258,0.6413076192064234,16.86221133779711,16.862211337797113
58.0,60.04787124176768,0.6440455470061526,15.26724171673698,15.267241716736981
59.0,60.05767825279659,0.6421270803425331,15.47780844763064,15.477808447630641
60.0,59.95444196502809,0.6426057099613627,13.727036746212868,13.727036746212868
61.0,59.93242977035731,0.6424277060093003,20.888084550633508,20.88808455063351
62.0,59.94406105053136,0.642799814564012,24.507230153980856,24.507230153980856
63.0,59.97241189809853,0.6420341753456723,25.21412821457023,25.21412821457023
64.0,59.997387480497025,0.6413385774532963,23.85452036124786,23.85452036124786
65.0,59.998223149878896,0.6417261938672878,22.890388568954766,22.890388568954766
66.0,60.01728109413275,0.6403939922311539,22.204793702608626,22.204793702608626
67.0,60.00404881140249,0.641412392911448,20.503850722411023,20.503850722411027
68.0,59.985683901558325,0.6432976800960805,21.18281684435296,21.18281684435296
69.0,59.992277588364665,0.6421805842166116,22.771240087821376,22.771240087821383
70.0,60.0045389425188,0.6412806949660593,22.69182160065471,22.69182160065471
71.0,59.99267545452906,0.6433402896184022,21.780161396249355,21.78016139624936
72.0,60.01000813822585,0.6406607637473832,22.570087564793788,22.570087564793788
73.0,60.008012575263805,0.6415545585568861,21.368463706000025,21.36846370600003
74.0,60.0104612890865,0.6408504494527398,21.182085720944784,21.182085720944787
75.0,60.03522772137865,0.6408903968049152,20.824887467966686,20.824887467966686
76.0,60.03502388849653,0.641430583840054,18.523805359601024,18.523805359601027
77.0,60.02634002045535,0.6415542614593311,17.55786387804782,17.557863878047822
78.0,60.03206452115439,0.6407171139891372,17.472828544557185,17.472828544557185
79.0,60.031563280182326,0.6400253597347643,16.638544220603706,16.63854422060371
80.0,60.01391072497076,0.6426352927973347,15.821788677029227,15.82178867702923
81.0,60.0195883181846,0.6408461198829372,16.62375100770875,16.62375100770875
82.0,60.03156762558816,0.6396492452505516,15.933041921632936,15.93304192163294
83.0,60.033366985816976,0.6396056039557662,14.434497946283633,14.434497946283633
84.0,60.00863402769492,0.6425604973887027,13.491414584730377,13.49141458473038
85.0,59.999638667927506,0.6429750036120027,14.784915495398632,14.784915495398632
86.0,60.01827281372991,0.6407893395332503,15.494921198973227,15.49492119897323
87.0,60.030911056872874,0.6397804144711343,13.975570024180165,13.975570024180167
88.0,60.02826679424252,0.6406684990768998,12.364942519080877,12.364942519080877
89.0,60.02895742079127,0.63997189615153,11.882971109065489,11.882971109065492
90.0,59.98601097871471,0.6407927370088721,11.23334414644115,11.23334414644115
91.0,59.97719455511894,0.6405108277976389,14.143197036316128,14.143197036316128
92.0,59.98635443021342,0.6400698989205446,15.492100991130192,15.492100991130192
93.0,59.99244398404831,0.6399595682435542,15.240005248480848,15.24000524848085
94.0,60.006201509031165,0.6397654578530386,14.892863234645276,14.89286323464528
95.0,59.99557361533155,0.6408757140556582,13.995927759947058,13.995927759947058
96.0,60.00553197219067,0.6396759902895672,14.678550636063578,14.67855063606358
97.0,59.99000466568096,0.6418659499879046,13.98931575438965,13.98931575438965
98.0,59.986472068172496,0.6419007730700205,15.137470600843002,15.137470600843006
99.0,60.00831779417003,0.6393153334500186,15.763682325162161,15.763682325162165
100.0,60.014719318777274,0.6392745144812055,14.23484843193798,14.234848431937982
101.0,60.011135396573586,0.6395277327222376,13.334538383519313,13.334538383519313
102.0,60.01256769199854,0.6388766933256264,13.255723800255693,13.255723800255693
103.0,60.000669018030656,0.6403112830545165,12.910130104146228,12.91013010414623
104.0,59.99529566651131,0.6405861015982994,13.611685066166165,13.611685066166165
105.0,60.00631786313257,0.6406268009926768,14.130985467934204,14.130985467934204
106.0,60.02232569407287,0.6390767835017604,13.353503113621173,13.353503113621173
107.0,60.024174262040646,0.6390059696565302,11.785902532712479,11.785902532712479
108.0,60.03297455166061,0.637176957255283,11.015223410143214,11.015223410143214
109.0,60.02333197079845,0.6384527972235646,9.704081335353711,9.704081335353713
110.0,60.017024800152896,0.6381193492497526,9.909263450928698,9.909263450928698
111.0,60.00762073055086,0.6378856669488979,9.8366864012209,9.8366864012209
112.0,60.02149789064561,0.6384475572800712,10.177280375321338,10.177280375321338
113.0,60.007737414237575,0.6385689269327518,8.751105668320319,8.751105668320319
114.0,60.014106791879634,0.6387929991350253,9.517222473284434,9.517222473284434
115.0,60.00054436511296,0.6401163415129392,8.72304047362894,8.72304047362894
116.0,60.00158442612041,0.6398523779993489,9.574811730812865,9.574811730812865
117.0,60.022844737819746,0.6374921464071505,9.599331196192628,9.59933119619263
118.0,60.01691501109383,0.6389751803901786,7.787794082849857,7.787794082849857
119.0,60.022741949158885,0.6376774823308681,7.6126096808318096,7.612609680831811
120.0,59.989229417965845,0.6385552703028943,6.785660503798805,6.785660503798807
121.0,59.9719083295904,0.6396484579429801,8.995837668096105,8.995837668096108
122.0,59.98877383466086,0.6377812747306274,10.931304334650047,10.931304334650049
123.0,60.00226789317174,0.6372103556585239,10.257907912693971,10.257907912693971
124.0,59.994101514473094,0.6381793203545633,9.251665687467954,9.251665687467955
125.0,59.987348267735406,0.6393781871884224,9.814808420903779,9.81480842090378
126.0,59.9820683954031,0.6399932849980349,10.467009156365458,10.467009156365458
127.0,60.005525775175975,0.6373021216651434,11.361937747504022,11.361937747504022
128.0,60.00610475199794,0.6379799011466755,9.826479741954323,9.826479741954323
129.0,60.00264997628646,0.6380538484417057,9.507980450740558,9.507980450740558
130.0,60.01362572815653,0.6362871774812646,9.659706469658639,9.659706469658639
131.0,60.01559498980391,0.6361625751341127,8.696038407407473,8.696038407407475
132.0,59.999895868731414,0.6378932978413537,8.138057651154357,8.138057651154359
133.0,60.000840732185324,0.6371232211136539,9.08312355666759,9.08312355666759
134.0,60.01068309983399,0.6360276813724535,9.111946669828574,9.111946669828576
135.0,60.00292854931365,0.6380461395367568,8.256032408003719,8.25603240800372
136.0,60.00564085928486,0.6373503566429491,8.600510610507177,8.600510610507177
137.0,60.00757563201619,0.6372309219794595,8.362593669958963,8.362593669958965
138.0,60.0161779410388,0.6360542431544154,8.047092925334562,8.047092925334564
139.0,60.020440074593616,0.6353732668232367,7.14129188386044,7.14129188386044
140.0,60.01520350652501,0.6364117698317657,6.335296292815699,6.335296292815701
141.0,60.00308669159535,0.6369885947550707,6.486048691716145,6.486048691716147
142.0,60.01125910892653,0.6361612544866811,7.089324158462551,7.089324158462553
143.0,60.014947714502696,0.6357029999967229,6.471467968758263,6.471467968758264
144.0,60.009656831208616,0.6363582038059274,5.81669086999833,5.81669086999833
145.0,60.00504240406916,0.6366954277198021,5.89033869095255,5.89033869095255
146.0,59.994890179705806,0.6380051921218347,6.0918491530121175,6.0918491530121175
147.0,60.0046434630194,0.6366708312739253,6.846584185779663,6.846584185779664
148.0,60.02177965723392,0.6349836422094751,6.208473130927634,6.208473130927635
149.0,60.02882201087547,0.6343586541605206,4.598235330580723,4.598235330580723
150.0,60.011750173262264,0.6338574199785098,3.408772588438162,3.408772588438163
151.0,59.98310075687732,0.6365808974750815,4.131765453323783,4.131765453323783
152.0,59.990143494996076,0.6351188774999579,6.387969129910048,6.387969129910048
153.0,59.98625913329148,0.6365991913209894,6.365645130194516,6.365645130194518
154.0,59.983458592814905,0.6372114681609516,6.843106329300349,6.843106329300349
155.0,59.988807064565854,0.6365519520016686,7.409908873507347,7.409908873507348
156.0,60.005997901,0.6356645968664013,7.307186604481569,7.307186604481569
157.0,59.98854514353651,0.6376702128812769,6.164628030236619,6.164628030236619
158.0,60.00573162151892,0.6352910017904526,7.369585092440172,7.369585092440173
159.0,60.01183197147629,0.6347789051535411,6.2725894577150445,6.2725894577150445
160.0,60.00153492508085,0.6359458283899752,5.5349556263693485,5.534955626369349
161.0,59.99340781932045,0.636315730109695,6.097779942443644,6.097779942443646
162.0,60.005163918579875,0.6328870835204382,6.791069115785551,6.791069115785551
163.0,60.00257845444176,0.6365131135198255,5.81042602684172,5.810426026841721
164.0,60.00524179146303,0.6337077581788703,5.6943779975190445,5.694377997519045
165.0,60.02671093098962,0.6332106641724263,5.674832882956998,5.6748328829569985
166.0,60.01415220269879,0.6348487371320956,3.5123529681242966,3.5123529681242966
167.0,60.013586737569014,0.6340603220658497,3.9811619999637164,3.9811619999637164
168.0,60.00225448704654,0.6354688722235872,3.850982753863355,3.850982753863356
169.0,60.000876979435525,0.6353395628102976,4.479123890124446,4.479123890124447
170.0,60.003387459530856,0.6352218704770006,4.593768815492687,4.593768815492687
171.0,59.996244998321814,0.6360678199812296,4.34079099302949,4.340790993029491
172.0,60.014572543600195,0.6344581185673748,4.782962484037441,4.7829624840374425
173.0,60.008968069784856,0.6350710905439062,3.4129703014479187,3.4129703014479187
174.0,60.02542139766102,0.6329645098877751,3.462962237200106,3.462962237200106
175.0,60.00595056553636,0.6355424318919028,1.8898293885122863,1.8898293885122868
176.0,60.009997956775635,0.6341094230827967,2.863020208549687,2.8630202085496874
177.0,60.01024818071005,0.6343552959596039,2.5383110361421934,2.5383110361421934
178.0,60.01028779400965,0.634325626821896,2.244990584453297,2.244990584453297
179.0,60.008114022324804,0.6345972495764779,1.9978140094833035,1.9978140094833035
180.0,59.995523765468356,0.6343562480147389,1.9346729977082089,1.9346729977082093
181.0,60.00588883634572,0.6325895271512573,2.797219847744848,2.797219847744848
182.0,59.98356718518116,0.6360231435979297,2.12009285019663,2.12009285019663
183.0,59.99456375659851,0.634161304635199,3.747977701768787,3.7479777017687876
184.0,59.99918737378509,0.6344661304823878,3.476811873885461,3.476811873885461
185.0,59.99890768175884,0.6346760794625961,3.105319461816635,3.1053194618166358
186.0,59.99265809067339,0.6354222594141942,3.1354460444620638,3.1354460444620638
187.0,59.99691179117782,0.6344335854227084,3.684508947000769,3.6845089470007695
188.0,59.99332813011909,0.6360211491190295,3.476341734117954,3.476341734117954
189.0,59.98016496246524,0.6368585031166744,3.881163759110672,3.881163759110673
190.0,59.98750701010614,0.6366486786303398,5.110631544101515,5.1106315441015155
191.0,59.99978362307418,0.6352945626585831,5.042090654969191,5.042090654969191
192.0,60.008794063523546,0.634493583450298,4.286978156122163,4.286978156122164
193.0,60.00805792178249,0.6344956179728983,3.4910967382885993,3.4910967382886002
194.0,60.002828413552834,0.6347578190856774,3.301889838072938,3.301889838072938
195.0,60.0095875134273,0.6343053529634003,3.5386488690957876,3.538648869095788
196.0,60.00122433189409,0.6356008153932564,2.91824191563287,2.91824191563287
197.0,60.00295084568856,0.6349872558714027,3.3251145917249363,3.3251145917249367
198.0,60.00204773912513,0.6352261069970135,3.2079423956395985,3.2079423956395985
199.0,60.00365835886936,0.6349632455067479,3.2026650477212733,3.2026650477212733
200.0,59.99795377789103,0.6357510446275233,3.0347469362941606,3.034746936294161
201.0,59.99780828169965,0.6355845242086375,3.4178532823323113,3.4178532823323113
202.0,60.001697146968056,0.6350039055655833,3.509619519306262,3.509619519306262
203.0,60.00615683897061,0.6352377056238289,3.199185772696362,3.199185772696362
204.0,60.00152610095141,0.6352653455619166,2.948853248547504,2.948853248547504
205.0,59.99822408931872,0.6361142112571919,3.0752417066708473,3.0752417066708473
206.0,60.00573337998087,0.634694081933059,3.396451292894638,3.396451292894638
207.0,60.005011243843114,0.6350355139594975,2.801747343099546,2.8017473430995463
208.0,60.01408728528007,0.6336296438368912,2.669319649006979,2.669319649006979
209.0,60.00817604264363,0.6344833044977134,1.8025968154003762,1.8025968154003762
210.0,59.991252946880586,0.6353508244300512,1.9032605022595295,1.9032605022595295
211.0,59.9756518277462,0.6351787840746548,3.143673748917187,3.1436737489171875
212.0,60.00836497947451,0.6336820385055206,4.581898431072559,4.581898431072559
213.0,59.9848819491428,0.6361982678461732,2.2902028808058192,2.2902028808058197
214.0,59.99895604073804,0.6348213378963347,4.081428530498893,4.081428530498893
215.0,60.0044846450318,0.6341104466166572,3.228770698617563,3.228770698617563
216.0,59.990417089449465,0.636123712221391,2.8062074832793713,2.8062074832793713
217.0,59.983134745156306,0.6366220930234607,3.8883468378669286,3.8883468378669286
218.0,60.00584016747706,0.6333795080908113,4.813223453115488,4.813223453115489
219.0,59.99531817454745,0.6365279325151528,3.2723301620331657,3.2723301620331657
220.0,59.99199463159241,0.6356585040078084,3.8500961202424175,3.8500961202424175
221.0,59.996477928664504,0.635647245995846,4.359003796737297,4.359003796737297
222.0,60.002646636293406,0.6348117926746963,4.122487717215448,4.122487717215449
223.0,59.996124031329146,0.6358051993029576,3.70491102077078,3.7049110207707807
224.0,59.99307631556243,0.6358978866812159,4.161546375391237,4.161546375391238
225.0,59.985381215306695,0.6382711882995906,4.547450723035819,4.54745072303582
226.0,59.99913318565325,0.6365685664781503,5.357558000200883,5.357558000200883
227.0,60.00772595069015,0.6360727853493284,4.574788886424781,4.574788886424782
228.0,59.998839672201264,0.6372859594739991,3.7739978221381905,3.7739978221381913
229.0,59.997182506536234,0.637017758011305,4.290429706792312,4.290429706792313
230.0,60.01456154947672,0.6347073989601972,4.521572866954436,4.521572866954437
231.0,60.00129584204286,0.6368516453181796,3.142004572684138,3.142004572684139
232.0,59.999515940176536,0.6363165238104413,3.798796101710427,3.798796101710427
233.0,60.00479824383883,0.6355471419648633,4.012802260638798,4.012802260638798
234.0,60.00557426511371,0.6352421861253629,3.568791338111947,3.568791338111947
235.0,60.00073295721023,0.6361455612894826,3.455421530745864,3.455421530745864
236.0,59.99892196827091,0.6362206964138777,3.6163294277367823,3.6163294277367823
237.0,59.99146415176954,0.6373183084028423,3.9036305798626563,3.9036305798626563
238.0,60.016187901154325,0.633856364447584,4.539170493424679,4.539170493424679
239.0,60.01483910858094,0.6347883668786586,2.719992710500584,2.719992710500584
240.0,59.99166610115526,0.6361817714105729,2.2836409397240804,2.283640939724081
241.0,59.9883362403001,0.6357861584240831,3.8880016745062305,3.8880016745062305
242.0,59.98976316590214,0.6359738460116084,4.506543416237172,4.506543416237172
243.0,59.99740254837019,0.6353438001944598,4.655087100087032,4.655087100087033
244.0,59.99536040449037,0.6359896692227025,4.237066562969786,4.237066562969786
245.0,60.00894841750075,0.634090362246092,4.415462678687449,4.41546267868745
246.0,59.98420813047929,0.6377160491111862,3.406206266114404,3.406206266114404
247.0,59.990936600535974,0.6359747785869038,5.173026015180997,5.173026015180998
248.0,59.99575359964446,0.6359531434158394,5.14196888384688,5.141968883846881
249.0,60.00803859343485,0.6343685483593214,4.87689595541852,4.8768959554185205
250.0,60.00885978720007,0.634784698181538,3.895905310698523,3.8959053106985233
251.0,59.99596390154141,0.6358233125709125,3.777025208294999,3.777025208295
252.0,60.00274183335264,0.634900510018797,4.529837955358623,4.529837955358624
253.0,59.998623939696074,0.6354575878342487,4.225576541266178,4.225576541266178
254.0,60.00506135059121,0.6343488045432892,4.41823070599727,4.41823070599727
255.0,60.01699732758911,0.6337288924128026,3.930307294289871,3.930307294289871
256.0,60.00005961320368,0.6361165877192632,2.7714579764002627,2.7714579764002627
257.0,60.00971410243563,0.6340480612076518,3.711349614490907,3.711349614490907
258.0,59.999520299346436,0.6357930803007062,3.018649503713286,3.0186495037132866
259.0,60.01005054074332,0.6339833622292121,3.567833727782075,3.567833727782075
260.0,60.00817414536235,0.6346021474366811,2.7745217684753327,2.7745217684753327
261.0,60.00832846655312,0.6343123975629784,2.6261768247080397,2.6261768247080397
262.0,60.0067369359626,0.6344279607834654,2.4476788017604405,2.4476788017604405
263.0,59.9989807189257,0.6353348872413197,2.3872197503747326,2.3872197503747326
264.0,59.991346855285585,0.6361475087958355,2.887426963340109,2.887426963340109
265.0,60.00459513453657,0.6342626262703556,3.5881082946640634,3.5881082946640634
266.0,59.997075475063696,0.6345142297312595,2.691255451534459,2.691255451534459
267.0,60.01902265121026,0.6340623982389734,3.0998927884609904,3.099892788460991
268.0,60.00554661228251,0.6343571950803941,1.3346326044661536,1.3346326044661536
269.0,60.01677256325269,0.6334914421036245,2.084961384476144,2.0849613844761445
270.0,60.003597584056855,0.6331124274285166,0.8585119489976423,0.8585119489976423
271.0,59.98917479363533,0.6344117391956147,1.6066168879547513,1.6066168879547513
272.0,59.98923577423273,0.6342486509643444,2.8664417485457374,2.8664417485457374
273.0,59.98662622659092,0.635100246487717,3.197899282574819,3.197899282574819
274.0,59.99760573272081,0.633952339710248,3.62398382145612,3.6239838214561204
275.0,60.00317102009012,0.6337945055433936,3.0036107108976426,3.0036107108976426
276.0,59.999789702835834,0.6342981011219242,2.5035256404327257,2.503525640432726
277.0,59.99456053819677,0.6347040461067268,2.677016989676837,2.6770169896768374
278.0,60.00218945120213,0.6334995116678004,3.130069424459339,3.130069424459339
279.0,60.02454159250989,0.6310216622344865,2.724742016270001,2.7247420162700013
280.0,60.014941812278394,0.6324852234834943,0.7644932172552358,0.764493217255236
281.0,59.99140327468141,0.634544316164283,0.8755743911855616,0.8755743911855616
282.0,59.978608350140014,0.635118387037594,2.569650584192297,2.569650584192297
283.0,59.98661430006286,0.6346850665548605,4.045374906518612,4.045374906518613
284.0,60.006226879945885,0.6328515290664506,3.7884634798489136,3.7884634798489136
285.0,60.0186360115259,0.6329006935465636,2.4830715406856685,2.483071540685669
286.0,60.010225329618684,0.6339075089190261,1.222939437504057,1.222939437504057
287.0,60.00619096502719,0.6337067645415473,1.4469939634118894,1.4469939634118894
288.0,60.0279146460606,0.6305596304227754,1.627209129806553,1.627209129806553
289.0,60.01222780015401,0.6330272415921828,-0.30478852154268293,-0.30478852154268293
290.0,60.00599234182496,0.6328688737312914,0.20111320816123718,0.20111320816123723
291.0,60.01390802194401,0.6317093425478495,0.5362481877199003,0.5362481877199003
292.0,60.01240949052317,0.6322029805349636,-0.24772000186809306,-0.24772000186809306
293.0,60.00494258332334,0.6330029578006372,-0.5012954062167057,-0.5012954062167057
294.0,60.0073737440428,0.6324600416175846,-0.1412806786626259,-0.1412806786626259
295.0,60.00066129375125,0.6335517007400303,-0.40192308004206573,-0.40192308004206573
296.0,59.99339507530172,0.6343514999574046,-0.028743352912056153,-0.028743352912056153
297.0,59.99571860951614,0.6335075198950859,0.5984648291165031,0.5984648291165031
298.0,60.00792498501126,0.6329805613983294,0.578580880091011,0.5785808800910112
299.0,60.01387416874092,0.6323561408069752,-0.4668791928852408,-0.46687919288524093
300.0,59.99651306025336,0.6332724087932946,-1.110160566073215,-1.1101605660732152
301.0,60.000780306097056,0.6318247353913046,-0.037575256762207354,-0.03757525676220736
302.0,60.00316134729209,0.631871698723355,-0.1507060494078101,-0.1507060494078101
303.0,60.00911739646113,0.6311584346825401,-0.4092664340671772,-0.4092664340671772
304.0,60.01237609433186,0.6308108901297903,-1.0017989900544488,-1.0017989900544488
305.0,59.99055408097986,0.6336131858521088,-1.5302548956512456,-1.5302548956512456
306.0,59.99360105194723,0.6325737165917515,-0.014823028299319578,-0.014823028299319578
307.0,59.996067830105645,0.6328063813752065,0.09146130016249718,0.09146130016249718
308.0,60.00319234159893,0.6321199313794428,-0.004929323573049866,-0.004929323573049866
309.0,59.99008860092953,0.6341074345783029,-0.5256363920213222,-0.5256363920213222
310.0,59.98821782913994,0.6339475597269683,0.44571169740589417,0.44571169740589417
311.0,60.001170663655735,0.6321435245924515,0.906751488450968,0.9067514884509681
312.0,60.012101546496105,0.6321033134504787,0.034559355839112786,0.03455935583911279
313.0,60.007376246171106,0.6318826985046324,-0.47826249063541426,-0.47826249063541426
314.0,60.01324192375731,0.6309593024414408,-0.5612611449158276,-0.5612611449158276
315.0,60.01181649191991,0.6316359067363607,-1.1097186529160585,-1.1097186529160585
316.0,60.00606082545818,0.6317014472163365,-1.2885409657754527,-1.288540965775453
317.0,60.01716877857568,0.6297708875508682,-1.0720777004952438,-1.072077700495244
318.0,60.019279658223105,0.6296809059980154,-2.1393819455204346,-2.139381945520435
319.0,60.000521858698576,0.6318662286550306,-2.820491980510529,-2.820491980510529
320.0,59.9891647940454,0.6327341699131852,-1.7264638003788053,-1.7264638003788053
321.0,60.002389576229625,0.6311027482148579,-0.678776501498119,-0.678776501498119
322.0,59.9897107763729,0.6335940103233536,-1.476430331669626,-1.476430331669626
323.0,60.00319721004482,0.631534377488757,-0.5670183664870019,-0.5670183664870019
324.0,60.012682531562604,0.6309397739175716,-1.3600402271223277,-1.360040227122328
325.0,60.01762317343086,0.6303343047400601,-2.3200302064552085,-2.3200302064552085
326.0,60.00455210877824,0.6318269884211156,-3.075014186520634,-3.0750141865206344
327.0,60.01551592958414,0.629690448507493,-2.415942631622954,-2.415942631622954
328.0,60.004852970911955,0.6309222383900381,-3.353190593385143,-3.353190593385143
329.0,60.001425699250774,0.6316879291342052,-2.9605957129733316,-2.960595712973332
330.0,60.0042272692404,0.6302171418809953,-2.766375387309028,-2.766375387309028
331.0,60.00216619322061,0.6310631880444266,-2.9302580044502182,-2.9302580044502187
332.0,59.996534254302574,0.6315818995869912,-2.9236716491519177,-2.9236716491519177
333.0,60.00602554531817,0.6303109062046975,-2.433735584607958,-2.433735584607958
334.0,59.995367876525,0.6321505610238659,-3.101736396300752,-3.1017363963007525
335.0,59.99108329102575,0.6324127359783909,-2.4221715229250615,-2.4221715229250615
336.0,60.007430040355636,0.630431590748419,-1.8924800004238282,-1.8924800004238282
337.0,60.00632367492939,0.6312131881848033,-3.039804863371118,-3.039804863371118
338.0,60.003880831064734,0.6312603213964721,-3.2314165536294457,-3.2314165536294457
339.0,59.99938760684567,0.6317029847954864,-3.1519712102515363,-3.1519712102515363
340.0,60.00366169294792,0.6310297636717181,-2.848381519544585,-2.848381519544585
341.0,60.008459039415214,0.6305763405266909,-3.161976730826499,-3.161976730826499
342.0,60.01128719651804,0.6302132321053358,-3.678385730674947,-3.6783857306749477
343.0,59.99590601414409,0.632077724261498,-4.139767550725251,-4.139767550725251
344.0,59.998014857370215,0.6306336212831908,-3.14061532546981,-3.14061532546981
345.0,60.00674395622705,0.6304073172694018,-3.162625486480254,-3.162625486480255
346.0,59.99283531914727,0.6322022225274665,-3.9723573489293442,-3.972357348929345
347.0,59.998735615566,0.631270988908666,-2.8955008915635494,-2.8955008915635494
348.0,60.01022552575715,0.6300753220593303,-3.1504374879682966,-3.1504374879682966
349.0,60.006187331008135,0.6308737556994403,-4.089310501439981,-4.089310501439982
350.0,60.009439422939124,0.6300704593915876,-4.060067635999047,-4.060067635999048
351.0,60.011266705533,0.6298308345479758,-4.44811305551241,-4.448113055512411
352.0,60.005839969003866,0.6304375050883183,-4.850003939336959,-4.850003939336959
353.0,60.0014679682308,0.6307492297818336,-4.668838092666147,-4.668838092666147
354.0,60.0043810841958,0.6303080396597798,-4.400363727694183,-4.400363727694183
355.0,59.99730993735897,0.6314422105089955,-4.650053357447298,-4.650053357447298
356.0,59.99519539464174,0.6315881243108766,-4.1810719161419,-4.1810719161419
357.0,60.00644360233093,0.6302652864212241,-3.894669107094581,-3.8946691070945816
358.0,60.00535032796057,0.630833980090457,-4.7170290326104345,-4.717029032610435
359.0,60.0054373929409,0.630575109348165,-4.853735071225558,-4.853735071225559
360.0,59.99972431772224,0.6300929069854773,-4.978367887844145,-4.978367887844145
361.0,59.99503284637894,0.6312760223702975,-4.697858042177884,-4.697858042177885
362.0,60.006010770122366,0.6292749924153926,-4.3399375663847914,-4.339937566384792
363.0,60.00460203909029,0.6302322636641245,-5.007205800427823,-5.0072058004278235
364.0,60.00300791349816,0.6300645747838591,-5.155992241119487,-5.155992241119487
365.0,59.99953083968897,0.6303607218277866,-5.065969153417567,-5.065969153417567
366.0,60.00054863686644,0.6302147825653659,-4.852784982153733,-4.852784982153733
367.0,60.0058938923441,0.6297208207579217,-4.798771651782901,-4.7987716517829
368.0,59.996535235888295,0.6310816596285505,-5.293805264644475,-5.293805264644476
369.0,59.99429242429929,0.6310385743845578,-4.67438615722504,-4.674386157225041
370.0,59.992209766073636,0.6314359011615519,-4.338173887503287,-4.338173887503287
371.0,59.99102788652741,0.6317181915664749,-4.044211141889724,-4.044211141889725
372.0,59.99053314173112,0.6319245468873239,-3.7897336192794326,-3.789733619279433
373.0,60.00249952650869,0.6307507128467521,-3.564201848851506,-3.564201848851506
374.0,59.99858927785178,0.6316532967972143,-4.291392681852927,-4.291392681852928
375.0,60.00026998467556,0.6313660141701193,-4.089904982137985,-4.089904982137985
376.0,59.996435762980525,0.6315566829315222,-4.151694443775745,-4.151694443775746
377.0,60.00242138029619,0.631243327111682,-3.9017148916975963,-3.9017148916975963
378.0,59.99730891267106,0.6309348460152074,-4.278314359952712,-4.278314359952713
379.0,59.99896694104822,0.6315282791021741,-3.5608496641181833,-3.5608496641181833
380.0,59.99386669206747,0.6313337141579162,-4.080807381320187,-4.080807381320187
381.0,59.99293373276963,0.6321455889035166,-3.5435950248731216,-3.5435950248731225
382.0,59.98690473990776,0.6328277489085322,-3.4433630903264776,-3.4433630903264776
383.0,60.00159263890196,0.6309784756263205,-2.6125164428135075,-2.612516442813508
384.0,60.00289284135136,0.6314180970364861,-3.472081828652894,-3.472081828652894
385.0,59.980096310125894,0.6343104469636085,-3.737455846916636,-3.737455846916636
386.0,60.006810414772474,0.6302073804812479,-1.9291202889408783,-1.9291202889408783
387.0,60.01337679112311,0.6304541944942693,-3.569835363593058,-3.5698353635930586
388.0,59.991006842093206,0.6331540513738748,-4.472810868710689,-4.472810868710689
389.0,59.97783771195321,0.6340505029703477,-2.9358210502826476,-2.9358210502826476
390.0,59.98822752979499,0.6336262738059499,-1.478313497277264,-1.478313497277264
391.0,60.00209598617729,0.6325240718826157,-1.7664734870866685,-1.7664734870866685
392.0,60.01493813474177,0.6318153088551333,-2.7677719558718312,-2.7677719558718312
393.0,60.009266635771574,0.6320083617144269,-3.7754268932049193,-3.7754268932049193
394.0,60.00348824591764,0.6327201524673293,-3.8234387924292554,-3.8234387924292554
395.0,59.99443528924607,0.6332906892238411,-3.439228402815998,-3.4392284028159983
396.0,59.99557918655874,0.6329285109165402,-2.7642400503571145,-2.764240050357115
397.0,60.01628628117827,0.6304134314680079,-2.6882352460679058,-2.688235246067906
398.0,60.01348281242625,0.6312881022453564,-4.332768806456781,-4.332768806456781
399.0,59.99790784489343,0.6327788637765867,-4.612809814557016,-4.612809814557016
400.0,60.005891818621635,0.6311533334730729,-3.593798395261199,-3.5937983952611994
401.0,60.01251638149764,0.6306694071217241,-4.113610406603758,-4.113610406603759
402.0,59.99155608427749,0.6334843703030626,-4.864221710634769,-4.864221710634769
403.0,59.990918617638336,0.6329042898681642,-3.4381380242076465,-3.4381380242076465
404.0,59.984304866171406,0.6342314921088079,-3.0484394620244295,-3.04843946202443
405.0,59.98762465198717,0.633690756063324,-2.3023288847639045,-2.302328884763905
406.0,60.00246045689685,0.6321329535025576,-2.185214815729042,-2.1852148157290423
407.0,59.99526353499578,0.6330386883570192,-3.1776884524867772,-3.1776884524867772
408.0,60.00576444855919,0.6320368627702312,-2.7957103609494314,-2.7957103609494314
409.0,60.00958185526375,0.6312515135108427,-3.5847437899130266,-3.5847437899130274
410.0,59.98965065387516,0.6340966461922173,-4.006675724497772,-4.006675724497772
411.0,59.99350682224804,0.6327432051702421,-2.6316952065526356,-2.631695206552636
412.0,59.98531155771406,0.6343217305777821,-2.528555122016384,-2.528555122016384
413.0,59.99410338504455,0.633118843781666,-1.731520817711129,-1.731520817711129
414.0,59.99659756567648,0.6333246791318841,-2.0818128679460344,-2.081812867946035
415.0,59.99455633007449,0.6336577935675143,-2.2327842602816776,-2.2327842602816776
416.0,60.00030354191081,0.6328226876525057,-2.0046415007412066,-2.0046415007412066
417.0,60.002461090791826,0.6326941912484416,-2.348327138672763,-2.3483271386727633
418.0,59.99864404214279,0.6330992739592401,-2.5753448826340524,-2.575344882634053
419.0,59.98992991586196,0.6340283574868412,-2.3230567995037332,-2.3230567995037332
420.0,59.99661315999498,0.6332125422273676,-1.5395982157195098,-1.53959821571951
421.0,60.00377926250184,0.6326501369821177,-1.8145275114184998,-1.8145275114184998
422.0,60.00788817801589,0.6321476247103185,-2.3937363839046424,-2.3937363839046424
423.0,60.00033270030846,0.632365494099183,-2.8786827291839368,-2.878682729183937
424.0,60.008996601651646,0.6315453885368336,-2.511837168793075,-2.5118371687930754
425.0,60.00861146399087,0.6313520808060672,-3.289659060094194,-3.289659060094194
426.0,60.00373912801582,0.6320219870003582,-3.404350896226326,-3.404350896226326
427.0,59.999306695601526,0.632191014006044,-3.222896664753193,-3.222896664753193
428.0,59.99254734622411,0.6328375520105461,-2.864459988577115,-2.8644599885771154
429.0,59.99551055002581,0.6309064955945315,-2.2853375275882573,-2.2853375275882577
430.0,60.00435106453244,0.6319716067141723,-2.2561450150925175,-2.2561450150925175
431.0,59.994080345499334,0.6323132642325434,-3.31565490640119,-3.31565490640119
432.0,60.00953055128814,0.6308303703233548,-2.368819820978386,-2.368819820978386
433.0,60.00796544135789,0.6312770242569121,-3.622677464666956,-3.622677464666957
434.0,59.99743375165719,0.6324217674488449,-3.651842680641331,-3.651842680641331
435.0,59.99838233648316,0.6315285871012107,-2.8970641481802444,-2.8970641481802444
436.0,60.015002035566255,0.629496083185463,-2.862219309451693,-2.862219309451693
437.0,59.9977182362552,0.6322125487861042,-4.247378461321842,-4.247378461321842
438.0,59.997293225638664,0.6314526556792875,-3.2776170530338726,-3.2776170530338726
439.0,60.007981236790066,0.6296830700103782,-3.0825254590314217,-3.0825254590314217
440.0,60.01029987683968,0.6303364658705934,-3.9111373572771146,-3.9111373572771155
441.0,60.00231391617507,0.6310134016758118,-4.454758117813048,-4.454758117813049
442.0,59.99864686227035,0.6313773990791839,-3.9129155087613046,-3.9129155087613054
443.0,59.9932742671886,0.632018944248338,-3.620260897319177,-3.620260897319178
444.0,60.00874590718699,0.6300143266409411,-3.0994204373613603,-3.0994204373613607
445.0,60.010276251800406,0.6303896840288753,-4.212604705529185,-4.212604705529185
446.0,59.999175781527406,0.6316500271028809,-4.65936905878029,-4.65936905878029
447.0,59.99561936735456,0.6317366343430065,-3.977232375803233,-3.977232375803233
448.0,60.00745659220668,0.6302936977147834,-3.591551107269164,-3.591551107269164
449.0,60.01291740567828,0.6300096095108069,-4.463598497380648,-4.463598497380648
450.0,59.99933861678299,0.630967597391547,-5.169027840112736,-5.169027840112736
451.0,60.01423159306399,0.6283217903077551,-4.363880588523273,-4.363880588523273
452.0,60.00266106281166,0.6303048663056708,-5.493340659429265,-5.493340659429266
453.0,59.99870240563687,0.6302167967213009,-4.963838211630427,-4.963838211630428
454.0,60.00209599564487,0.629701163312648,-4.614054974097535,-4.614054974097535
455.0,59.99286505381351,0.630565988194804,-4.868395671896904,-4.868395671896904
456.0,59.991224266150084,0.6311115831752957,-4.155450946131032,-4.155450946131032
457.0,60.00950222763712,0.628969090439459,-3.928097146387768,-3.9280971463877683
458.0,60.014048431833,0.6291423958822521,-4.994354942286443,-4.994354942286444
459.0,60.001211437833845,0.6304618188372406,-5.746256462537077,-5.746256462537078
460.0,60.01278593807606,0.6282687405504446,-4.9877995575607725,-4.9877995575607725
461.0,60.008782407998574,0.6291139551760176,-5.894916132537049,-5.894916132537048
462.0,59.98614699899904,0.6317399905753833,-5.965852933694531,-5.965852933694532
463.0,59.99747146299659,0.6296861822480373,-4.284000522835795,-4.284000522835796
464.0,60.00939556122132,0.629138504473008,-4.794381396744539,-4.794381396744539
465.0,60.02136006673795,0.6276233751492337,-5.765416398720992,-5.765416398720992
466.0,60.026211203329545,0.626866333088773,-7.033123855713411,-7.033123855713411
467.0,59.99708613474657,0.63026162187786,-7.970973822134638,-7.970973822134638
468.0,60.00583454632804,0.6279602874527055,-6.155372776175792,-6.155372776175792
469.0,60.00183660812608,0.6290945380388767,-6.639680907020404,-6.639680907020404
470.0,59.989467108551274,0.6302487726821544,-6.548435010231075,-6.548435010231075
471.0,60.00910536739732,0.6284016838358012,-5.6001765217076755,-5.6001765217076755
472.0,60.010592397163336,0.6283653929877508,-6.9467814205145455,-6.946781420514547
473.0,60.004566027012196,0.6294464847756055,-7.354502920531465,-7.354502920531465
474.0,59.99604514165485,0.6300305825818648,-7.132429297860902,-7.132429297860904
475.0,59.999856735577154,0.6294479666970683,-6.437557228952835,-6.437557228952836
476.0,59.99789689758349,0.6300696767078355,-6.603486524793112,-6.603486524793112
477.0,60.02647151004239,0.6262918115560108,-6.4723765149630506,-6.4723765149630506
478.0,60.011241907020604,0.6290207064871439,-8.805608186045752,-8.805608186045754
479.0,59.996959184098564,0.629883482339318,-8.338652341183105,-8.338652341183106
480.0,59.997124130113264,0.6290496481551666,-7.284684679710672,-7.284684679710672
481.0,60.00359225002933,0.6284554215174322,-7.148928168410522,-7.1489281684105235
482.0,60.0135985721857,0.6273743245764783,-7.633063121590132,-7.6330631215901334
483.0,60.00793060425985,0.6278657750647089,-8.600786845141842,-8.600786845141844
484.0,59.99758038087121,0.6300989345993305,-8.557928100157,-8.557928100157
485.0,59.99781283225585,0.6285631477609867,-7.312838793835651,-7.312838793835651
486.0,60.00081840511672,0.6279691166003373,-7.480006758052666,-7.480006758052668
487.0,60.01771778628286,0.6270483086723945,-7.658577655264874,-7.658577655264875
488.0,60.000766919212005,0.629065242123556,-9.274359080796268,-9.274359080796268
489.0,60.00652751439098,0.6277937807609287,-8.202112456347118,-8.20211245634712
490.0,60.0020369408471,0.6285672794109969,-8.627279375296975,-8.627279375296975
491.0,59.987968684245935,0.6303249238561429,-8.42855309832157,-8.42855309832157
492.0,59.993968896778426,0.6293960928772635,-7.2846711812996086,-7.284671181299609
493.0,59.99500694952147,0.6299090022115478,-7.438702103943476,-7.438702103943476
494.0,60.00537977288106,0.6287430741928606,-7.450554590775741,-7.450554590775742
495.0,60.002526998544006,0.6293122799129343,-8.209279909503357,-8.209279909503357
496.0,59.99578756293772,0.6299292681696284,-8.163259843048936,-8.163259843048937
497.0,60.010671418508124,0.627770433217688,-7.628697727903735,-7.628697727903735
498.0,60.00804739535672,0.6285625377214437,-8.730031414331773,-8.730031414331773
499.0,60.00985810076059,0.6279101925233683,-8.85923899647727,-8.85923899647727
500.0,60.00823504887371,0.6279906421005301,-9.169281213606595,-9.169281213606597
501.0,60.00211424820299,0.6284513427228882,-9.278145412453856,-9.278145412453856
502.0,60.00856095451995,0.6276456597714866,-8.96490736390393,-8.96490736390393
503.0,60.00406148091585,0.6282290585938503,-9.303423202112631,-9.303423202112631
504.0,59.99720146632746,0.6292853356886996,-9.290253572991226,-9.290253572991228
505.0,60.0012416212609,0.6285028665041537,-8.685303500832548,-8.685303500832548
506.0,60.00803119204082,0.6278235919133848,-8.951915165744333,-8.951915165744333
507.0,59.9975232231649,0.6293856561635248,-9.589670059061266,-9.589670059061268
508.0,60.00753458084729,0.6276830028772687,-8.946208724512173,-8.946208724512175
509.0,60.0120267253581,0.6274948684630055,-9.65713493162848,-9.657134931628482
510.0,59.992112757629116,0.6298002978909729,-10.283207594293376,-10.283207594293376
511.0,59.98956245901381,0.6294447025549835,-8.927106925165294,-8.927106925165294
512.0,60.00110465071843,0.628259207005357,-8.396750400238087,-8.396750400238089
513.0,59.98846857963248,0.6304948959678625,-9.117670038112571,-9.117670038112571
514.0,60.004291887553315,0.6280338730023753,-8.167498368571776,-8.167498368571776
515.0,59.999790511066436,0.6292814150367044,-9.134262479739483,-9.134262479739485
516.0,60.014046207174964,0.6270189049081839,-8.974327749370818,-8.97432774937082
517.0,60.01037974646854,0.6275842443037306,-10.124078412740719,-10.124078412740719
518.0,59.99589489883144,0.6296283581901669,-10.264509496635208,-10.264509496635208
519.0,59.984871058778594,0.6300200095095094,-9.064156455955192,-9.064156455955194
520.0,60.00172837341731,0.6284492168540953,-8.053129553413733,-8.053129553413735
521.0,59.98697728475253,0.6308790012154613,-9.000357102007376,-9.000357102007376
522.0,59.99086637337342,0.6299083718362986,-7.959172783947238,-7.959172783947238
523.0,60.00929264251637,0.6279030249757668,-7.888500845082003,-7.888500845082003
524.0,60.010571085317544,0.628221148770934,-9.257933441763369,-9.257933441763369
525.0,60.0156151270442,0.6272131457227185,-9.70310208915702,-9.70310208915702
526.0,60.00710324023334,0.6281566350078618,-10.36547846012826,-10.36547846012826
527.0,59.99787199004787,0.6288385650684487,-10.048238535308327,-10.048238535308327
528.0,59.997730177576884,0.6286396535383736,-9.379858452013519,-9.37985845201352
529.0,59.99933313273196,0.6286301573768099,-9.262900684655936,-9.262900684655936
530.0,59.99329600381225,0.6295966830774384,-9.350371917896364,-9.350371917896364
531.0,59.99900900045358,0.628765986607699,-8.844101353553215,-8.844101353553217
532.0,59.997572117159365,0.6292843629406484,-9.130462153937406,-9.130462153937408
533.0,59.998094984768024,0.6290460214197057,-9.036893754036118,-9.036893754036118
534.0,60.00135195159502,0.6288862373889835,-9.034475827587892,-9.034475827587894
535.0,59.99595093771153,0.6295209820050373,-9.064195266422278,-9.064195266422278
536.0,59.99878341607371,0.6293825816392472,-8.792379921551065,-8.792379921551065
537.0,60.01308092790536,0.6274340930475956,-8.805341924439901,-8.805341924439901
538.0,59.992694560230554,0.6303592340700822,-10.028639360510075,-10.028639360510077
539.0,59.99932174685815,0.6286406844623146,-8.734143141848769,-8.734143141848769
540.0,60.01152285591201,0.6275494130189583,-8.986153512131487,-8.986153512131487
541.0,60.00677858225331,0.6284150184573264,-10.05846578839773,-10.05846578839773
542.0,60.00071546697263,0.6287207561832987,-10.018187871337693,-10.018187871337691
543.0,59.995842054389435,0.6290275976128109,-9.649973749398802,-9.649973749398802
544.0,59.99545733869095,0.6293802921125663,-9.17464552384071,-9.17464552384071
545.0,59.99773891080415,0.6291675643368734,-8.996968460960034,-8.996968460960035
546.0,59.99106834849131,0.630217811538449,-9.06324544327534,-9.063245443275342
547.0,60.00314036295023,0.6284651406922006,-8.462166581928216,-8.462166581928217
548.0,60.00845381874641,0.628180361625364,-9.239614238798197,-9.239614238798197
549.0,60.01675413164781,0.6268517638921846,-9.879396061813752,-9.879396061813752
550.0,59.99403657138014,0.6292690878921764,-10.836804488861143,-10.836804488861143
551.0,59.99559390523254,0.628888543081431,-9.373653983929623,-9.373653983929623
552.0,59.99661424056799,0.6276932537689283,-9.318079946579271,-9.318079946579271
553.0,60.01383396769372,0.6284816562779778,-9.322592586740805,-9.322592586740807
554.0,60.003309801831904,0.6282084911849382,-10.693239136655643,-10.693239136655643
555.0,60.00437339898746,0.6283737285089656,-10.067511559945277,-10.067511559945277
556.0,60.00678272054667,0.6279042400824646,-9.902752767399125,-9.902752767399125
557.0,60.002589876562446,0.6282714490741751,-10.3218455536028,-10.3218455536028
558.0,60.0131851925337,0.6266193677969234,-10.197159167014904,-10.197159167014906
559.0,60.00671483999733,0.6277124300118567,-11.15282749364979,-11.152827493649792
560.0,59.99828004411569,0.628406058495044,-11.00546544053042,-11.00546544053042
561.0,60.00471538424511,0.6273728405283324,-10.41133127794943,-10.411331277949431
562.0,59.99922749781543,0.6284468977564169,-10.85964591136246,-10.859645911362461
563.0,59.98558464330434,0.6301029794973761,-10.559049845769035,-10.559049845769037
564.0,60.00869430260755,0.6268630500822382,-9.364868476071267,-9.364868476071267
565.0,60.01780523058102,0.6261648354022932,-10.885544684964987,-10.88554468496499
566.0,60.000054524735035,0.6291833752438153,-12.062188920186804,-12.062188920186804
567.0,59.982525927601976,0.630050420295036,-11.058158281008506,-11.058158281008506
568.0,59.998569178348724,0.6283084994995523,-9.410383049029363,-9.410383049029363
569.0,60.006474945027655,0.627923435889379,-10.289862333096387,-10.289862333096389
570.0,60.01160158446698,0.627251623358245,-10.997801672460232,-10.997801672460234
571.0,60.00168269387793,0.6284161771239754,-11.609214983144167,-11.609214983144167
572.0,60.00231018403922,0.6278414199754458,-11.075518650043989,-11.075518650043989
573.0,59.99673077545791,0.6286861280883002,-11.104535358962416,-11.104535358962417
574.0,60.01533500844865,0.6261038216659855,-10.710067691323642,-10.710067691323644
575.0,60.00416035449233,0.6281235847851958,-12.153042483294332,-12.153042483294332
576.0,60.0079988599049,0.6269422690695803,-11.69768683597481,-11.697686835974814
577.0,59.99569382080017,0.6287036512218254,-12.023773051162678,-12.023773051162678
578.0,60.00878397777847,0.6265912237104576,-11.211858562145887,-11.211858562145887
579.0,59.99954629383557,0.6283456959256442,-12.122143853835004,-12.122143853835004
580.0,60.00521993705689,0.6271139041112744,-11.651086171952992,-11.65108617195299
581.0,60.00206458783013,0.6272411284877017,-12.057376020438117,-12.057376020438118
582.0,59.99587282372983,0.6285054799705855,-11.934700630147372,-11.934700630147372
583.0,60.006312012017474,0.6268393636026811,-11.54080490856821,-11.54080490856821
584.0,60.01657967592707,0.6261146865592617,-12.172355088036452,-12.172355088036452
585.0,60.002110895066714,0.6276681730934128,-13.260736279139238,-13.260736279139238
586.0,60.0019354878358,0.6269143119661205,-12.471332166919229,-12.471332166919227
587.0,60.00831772959933,0.6261847971766097,-12.403841218494941,-12.403841218494943
588.0,59.99696357141087,0.6278852829236686,-12.999136876188228,-12.999136876188228
589.0,59.99486916859807,0.627805067031863,-12.292969281064176,-12.292969281064176
590.0,59.997951895414054,0.6276118563412648,-11.974109211386134,-11.974109211386134
591.0,59.99732650036476,0.6279825879969457,-12.109944045399684,-12.109944045399686
592.0,60.01663499910943,0.625459787270997,-12.032520123652969,-12.03252012365297
593.0,60.01096335740188,0.626671619151923,-13.575123149612272,-13.575123149612276
594.0,59.99859932796812,0.6276921355984036,-13.609481056810079,-13.609481056810079
595.0,59.98995867841878,0.6284305460949744,-12.777568572609033,-12.777568572609033
596.0,59.995487453361534,0.6276622763126471,-11.950775927569548,-11.950775927569548
597.0,59.989182538986945,0.62862416983986,-12.150986850400143,-12.150986850400145
598.0,60.00567369283753,0.62681212908497,-11.477950576086391,-11.477950576086391
599.0,60.009312822886656,0.626908344329302,-12.672719043155842,-12.672719043155844
600.0,60.00676973437844,0.62718468691617,-13.112536577519105,-13.112536577519105
601.0,60.00124021445953,0.6275072080041214,-13.14115211017314,-13.141152110173143
602.0,60.01195835508119,0.6258483209750921,-12.807048629571383,-12.807048629571383
603.0,60.00062719859992,0.6276358553770496,-13.705390560110747,-13.705390560110747
604.0,59.996654103127945,0.6276561074653341,-13.11934019429527,-13.11934019429527
605.0,60.0012123595583,0.6271109563108443,-12.730574232761288,-12.730574232761288
606.0,60.003574872747706,0.626988614083738,-13.02650408373284,-13.026504083732842
607.0,59.98472482721281,0.6280624119111106,-13.302233524738755,-13.302233524738757
608.0,59.99964292692003,0.6284136111394916,-11.99919959925158,-11.99919959925158
609.0,59.993868787834614,0.628002330271547,-12.879573603781205,-12.879573603781205
610.0,60.00609694429438,0.6280340633191565,-12.287100924005511,-12.287100924005511
611.0,60.00183619300263,0.6278883672467928,-13.07189558635887,-13.071895586358872
612.0,59.99898626443424,0.6279737216489625,-12.96380476049252,-12.96380476049252
613.0,59.989771505608715,0.6286726107549729,-12.762258957369097,-12.762258957369097
614.0,59.98782142220076,0.6296467362094009,-12.008351691399229,-12.00835169139923
615.0,59.987339668954846,0.6295517141532917,-11.597658438491933,-11.597658438491933
616.0,60.012606047307855,0.6270087503759478,-11.207525890130562,-11.207525890130562
617.0,60.023875008176944,0.6260149135858027,-13.088384128070295,-13.088384128070295
618.0,60.00146071354359,0.628689873747987,-14.437671649423894,-14.437671649423894
619.0,59.99662969634165,0.6282143115421102,-13.158302361256913,-13.158302361256913
620.0,59.99764137471218,0.6281663052937435,-12.632398259087708,-12.632398259087708
621.0,59.99579042198239,0.6286408878817218,-12.63248330067823,-12.632483300678231
622.0,60.00080854769329,0.6280490747549138,-12.444567820895145,-12.444567820895145
623.0,60.012678546089326,0.626707400622365,-12.760723593077783,-12.760723593077783
624.0,60.01019030764563,0.6272186249211984,-13.806139641121721,-13.806139641121723
625.0,60.00623607371716,0.6273132924642224,-13.962705591721496,-13.962705591721496
626.0,59.99090957465747,0.6290941553809276,-13.839969522511876,-13.839969522511876
627.0,59.97900586943863,0.6303467291669265,-12.681440693594032,-12.681440693594034
628.0,59.99750992978068,0.6280246764840379,-11.388987211535841,-11.388987211535841
629.0,59.97747479277108,0.631129258898485,-12.400157675940973,-12.400157675940974
630.0,60.01391191736826,0.6266650869345607,-10.87885372615795,-10.87885372615795
631.0,60.006889263575296,0.6280872784326472,-13.342942603414151,-13.342942603414151
632.0,60.00130029589433,0.6288118002711972,-13.265037726057477,-13.265037726057477
633.0,60.017446656791144,0.6261100248834259,-12.851848900257432,-12.851848900257432
634.0,59.98899847918765,0.6302176320555976,-14.122255366512562,-14.122255366512562
635.0,59.997077838060925,0.6280370774269872,-12.235618723815792,-12.235618723815792
636.0,59.99621199365212,0.6287961989129542,-12.475008848573802,-12.475008848573802
637.0,59.993025139543526,0.6292442244394889,-12.449982932576802,-12.449982932576802
638.0,60.00867165895344,0.6272384944162216,-12.128347001331303,-12.128347001331303
639.0,59.983189943685176,0.6312953794672337,-13.235056945298323,-13.235056945298323
640.0,59.99370878758926,0.6290302286795757,-11.379213989475515,-11.379213989475515
641.0,60.002574196655665,0.628589459942324,-11.672132067783265,-11.672132067783265
642.0,60.009365442974165,0.6278525389530083,-12.340688390576796,-12.340688390576796
643.0,59.99848639520405,0.6292017793187026,-13.02751649620579,-13.027516496205793
644.0,60.006363596752095,0.6274546265169086,-12.401549253144822,-12.401549253144823
645.0,59.99719001781811,0.6292032737440416,-12.996676355409306,-12.996676355409306
646.0,59.98028525716553,0.6304942366828241,-12.247610230317543,-12.247610230317543
647.0,59.984526730645875,0.6302963016583343,-10.813507422705591,-10.813507422705591
648.0,59.999577029024614,0.6286090259384088,-10.542343919303589,-10.54234391930359
649.0,60.0011185599067,0.6289197355660755,-11.516937524450064,-11.516937524450066
650.0,59.99316022751959,0.6297729770031248,-11.74396559195002,-11.74396559195002
651.0,59.98573838587297,0.6304471081982881,-11.111734256843915,-11.111734256843917
652.0,59.9828188920445,0.6308315851605819,-10.292821667115874,-10.292821667115875
653.0,59.98376427868915,0.6309616093605621,-9.691498588069011,-9.691498588069013
654.0,60.0050956361914,0.6284326300168569,-9.3732382848256,-9.373238284825602
655.0,59.99680917428401,0.6301522360324014,-10.79634043520269,-10.796340435202692
656.0,60.00741085253757,0.6280843337762266,-10.363847350135758,-10.36384735013576
657.0,60.00103372674687,0.6290791894213915,-11.107169949554288,-11.107169949554288
658.0,60.00177316128625,0.628442812204255,-10.822712813799582,-10.822712813799582
659.0,60.00010714379543,0.6285385050226198,-10.864090033258284,-10.864090033258286
660.0,59.986679590178056,0.6300083947980721,-10.787080308827958,-10.78708030882796
661.0,59.997356825656844,0.6291492085717513,-9.716890515349634,-9.716890515349634
662.0,59.97883720296479,0.630202370319588,-10.25807984228286,-10.25807984228286
663.0,60.010543110216425,0.6287816848509244,-8.834551977164374,-8.834551977164375
664.0,59.98898792007473,0.6305491247845739,-10.986338429931761,-10.986338429931763
665.0,60.002208333202596,0.629709578224693,-9.41456495438196,-9.414564954381962
666.0,59.997229469868856,0.6299227102506547,-9.895296520254915,-9.895296520254915
667.0,60.00159088234931,0.6289886528807309,-9.709523278032384,-9.709523278032384
668.0,59.98435990343688,0.6313827246184116,-10.036753561273073,-10.036753561273073
669.0,59.98696486412643,0.6305789026615686,-8.68924349102943,-8.689243491029432
670.0,59.98713324714891,0.6310528740435647,-8.44469290764794,-8.44469290764794
671.0,60.0018096152527,0.6293111565135382,-8.201859013871243,-8.201859013871243
672.0,59.98999173184046,0.6313381235850575,-9.138855533118228,-9.138855533118228
673.0,59.990159654437676,0.6307782269314491,-8.29453752880299,-8.29453752880299
674.0,59.99477772853225,0.630315723866561,-7.993358524155639,-7.993358524155639
675.0,59.983209143196504,0.6322632991461286,-8.168239653724134,-8.168239653724134
676.0,59.98949377795582,0.631369910087173,-7.131165419010014,-7.131165419010016
677.0,59.99158987272633,0.6314883075079103,-7.006592515525655,-7.006592515525655
678.0,60.0121792059276,0.6291455575909141,-7.123284943679696,-7.123284943679698
679.0,59.990953773134635,0.6322663127732705,-8.567703434477762,-8.567703434477762
680.0,59.98697567819744,0.6317073176895207,-7.244745555072056,-7.244745555072056
681.0,59.98176529037459,0.6325721166248984,-6.563544175636942,-6.563544175636943
682.0,59.99599240632181,0.6308163801381443,-5.830788473353005,-5.830788473353006
683.0,60.00088536955786,0.6307703650294159,-6.580303692408686,-6.580303692408686
684.0,59.98228172700373,0.6331733171445889,-7.005029079802923,-7.005029079802924
685.0,59.98229180011906,0.6325914692773227,-5.50331818939676,-5.50331818939676
686.0,60.002631518532745,0.6302791394441446,-4.976811762515624,-4.976811762515624
687.0,59.995997000517654,0.631798613006444,-6.284465901933442,-6.284465901933442
688.0,59.9837614992283,0.6328796994570584,-5.92821067774959,-5.92821067774959
689.0,59.98732483265116,0.6321096329678431,-4.76181290326285,-4.76181290326285
690.0,60.002598517758635,0.631456561974794,-4.618152443165943,-4.618152443165943
691.0,60.00536694806605,0.6314123000639459,-5.6362611016833295,-5.6362611016833295
692.0,60.00258510253578,0.632220099090356,-6.0660194451987515,-6.066019445198753
693.0,59.987104523799154,0.6332516417032267,-5.790783895763341,-5.790783895763342
694.0,60.003392528847286,0.631309721071546,-4.621344920895751,-4.621344920895752
695.0,60.01326595855472,0.6302454466559944,-5.5586475701510825,-5.558647570151083
696.0,59.99909573188537,0.6320488190471503,-6.596876775781289,-6.596876775781289
697.0,59.98653982987234,0.6329792041266313,-5.77768794955823,-5.77768794955823
698.0,59.983272256129545,0.6332755849940279,-4.610962710101693,-4.610962710101694
699.0,59.99795988410091,0.6316646146160111,-3.9660050298375187,-3.9660050298375187
700.0,59.9927259282382,0.6330227721962787,-4.806138910253327,-4.806138910253327
701.0,59.997050470513095,0.6321891165184405,-4.429932762127245,-4.429932762127245
702.0,59.987530077120596,0.633637919599168,-4.5824053796170485,-4.582405379617049
703.0,59.99156869424113,0.6328451746559745,-3.7541644642980265,-3.7541644642980274
704.0,59.986181716780465,0.6338900975217134,-3.741728168699533,-3.741728168699533
705.0,59.99457806759761,0.6331936909425349,-3.1374528464652154,-3.1374528464652154
706.0,59.993926338221485,0.6337011008053596,-3.487045841399064,-3.487045841399064
707.0,59.99822507217206,0.6328329988141641,-3.381248604091222,-3.3812486040912226
708.0,60.00534253161645,0.6326403611791004,-3.6258347973130296,-3.62583479731303
709.0,59.99649853873378,0.6331406224828608,-4.027313002857233,-4.027313002857234
710.0,59.99058061831623,0.6341163366642646,-3.5436699005529024,-3.5436699005529024
711.0,59.972247325219904,0.6360984858486122,-2.8822470029870315,-2.8822470029870315
712.0,59.980051567758196,0.634909193187288,-1.1236238147050417,-1.1236238147050417
713.0,59.98377283962455,0.6352436921065016,-1.0346630012897235,-1.0346630012897235
714.0,59.997725834720605,0.6336937438343656,-0.9626426587243643,-0.9626426587243643
715.0,60.003264165583666,0.6333362661569568,-1.78861837894499,-1.78861837894499
716.0,60.01422439683423,0.6316615061176553,-2.3017631020750353,-2.3017631020750353
717.0,60.00116656608019,0.6332403176701751,-3.326027279552104,-3.3260272795521044
718.0,60.00061249615348,0.6324321194068053,-2.6351311983141037,-2.6351311983141037
719.0,59.98365803081848,0.6345534268838321,-2.5280114861907883,-2.5280114861907883
720.0,59.99281966107716,0.6335612633857052,-1.1549552792500701,-1.1549552792500701
721.0,60.00793384703576,0.6324113656839775,-1.334821464739838,-1.334821464739838
722.0,59.99607664919234,0.6342510308040659,-2.520874951862277,-2.520874951862277
723.0,59.99257543397987,0.6339945137896223,-1.7954989010871936,-1.7954989010871936
724.0,59.99919731757448,0.632517096792353,-1.3286024032118342,-1.3286024032118342
725.0,59.98731327765098,0.6351372526262979,-1.7801112211128436,-1.7801112211128436
726.0,59.997449891204624,0.6328445527972977,-0.9279678454255043,-0.9279678454255043
727.0,59.99581595809796,0.6341669460529417,-1.3161684928556956,-1.3161684928556956
728.0,59.99916496500172,0.6334186923588783,-1.1978568635963398,-1.19785686359634
729.0,59.986455369304544,0.6351640939933166,-1.2962612370054831,-1.2962612370054831
730.0,59.98872881696476,0.6344111729856119,-0.21941441725491698,-0.21941441725491698
731.0,59.99940273812966,0.6323649966717283,-0.03588057950491847,-0.03588057950491847
732.0,60.00020343522257,0.6352560247129885,-0.8592565622344992,-0.8592565622344992
733.0,60.00591240068465,0.6321427484237604,-0.9030342511739284,-0.9030342511739287
734.0,60.018708605919045,0.6323234620077965,-1.3131451926896833,-1.3131451926896835
735.0,59.9888466729308,0.634979403861692,-2.334459318339506,-2.334459318339506
736.0,59.99136082847499,0.6333015531649483,-0.42777984521648416,-0.42777984521648416
737.0,59.99238511903802,0.633614506318454,-0.23884258804800843,-0.23884258804800843
738.0,59.99275585613177,0.633698581140382,-0.18670656403585972,-0.18670656403585975
739.0,60.003012559691854,0.6321720199876963,-0.06786103037276867,-0.06786103037276867
740.0,59.989267800724825,0.6351025180635945,-0.8113763282624084,-0.8113763282624084
741.0,59.97741497378544,0.6353896216886438,0.31667030329458307,0.31667030329458307
742.0,60.01327300919266,0.6312999256435091,1.6015239258527152,1.6015239258527154
743.0,60.00886455226792,0.6326916543771147,-0.8128353462968567,-0.8128353462968567
744.0,59.99468800501031,0.6337945854958915,-0.9885912148025002,-0.9885912148025002
745.0,59.996386843962014,0.6329761065245076,0.04812034315850623,0.04812034315850624
746.0,60.001327151157334,0.6325178035372322,0.11727112730512178,0.1172711273051218
747.0,59.994171511884005,0.6335961758668216,-0.2429655050118407,-0.24296550501184075
748.0,59.99171170848107,0.6336672269003338,0.28138268037906694,0.28138268037906694
749.0,59.98491133837197,0.6346727287413156,0.663323129524989,0.6633231295249891
750.0,60.02209308299987,0.6312197186247357,1.4281430766990106,1.4281430766990109
751.0,60.025789905325006,0.6319186163670323,-1.275962660572846,-1.275962660572846
752.0,60.01818802414235,0.6321463192513722,-2.3464276066964973,-2.3464276066964977
753.0,59.98870076094684,0.6352702726805712,-2.299594779227365,-2.299594779227365
754.0,59.9886831949573,0.6343566558812636,-0.2038705084812088,-0.20387050848120883
755.0,59.99915268039945,0.6330949720826233,0.23182661133335886,0.23182661133335886
756.0,60.01041273379685,0.6327089305780268,-0.3594746919881505,-0.3594746919881505
757.0,60.007290315845424,0.6332071319477988,-1.4551115341796625,-1.4551115341796625
758.0,60.000603706044885,0.6339141079932805,-1.3834594881621403,-1.3834594881621403
759.0,60.00899121774608,0.6324593237982923,-0.9772921085682075,-0.9772921085682076
760.0,60.00728330560298,0.6329596331751989,-1.6329217558915081,-1.6329217558915081
761.0,60.010401458723635,0.632322224868922,-1.763820434415966,-1.7638204344159663
762.0,60.018481218398954,0.6312369055287078,-2.1833976862648443,-2.1833976862648443
763.0,60.02163376464674,0.6308159250370821,-3.124325017232308,-3.1243250172323083
764.0,60.01133109983357,0.631887695413046,-3.862675673855341,-3.862675673855341
765.0,59.990931254928554,0.6321793466497097,-3.509753877914004,-3.509753877914004
766.0,59.980678923889,0.6329617078372008,-2.004689019758878,-2.0046890197588785
767.0,59.98456784715057,0.6327668016168563,-0.8024766372680674,-0.8024766372680675
768.0,60.00255563261861,0.6310803992352871,-0.6327984026445398,-0.6327984026445399
769.0,59.99741127186621,0.6324540756595595,-1.8193368979369617,-1.8193368979369622
770.0,59.998075157810206,0.6318718674293754,-1.5733424209898623,-1.5733424209898623
771.0,59.99987834382062,0.6321416121289049,-1.5498332492924312,-1.5498332492924314
772.0,59.99471834836541,0.6324445153990033,-1.4530710564336378,-1.4530710564336378
773.0,59.98905640872125,0.6336184621634593,-1.147090502940189,-1.1470905029401892
774.0,60.00003059912718,0.6318505720845811,-0.44498981842901325,-0.44498981842901336
775.0,59.98753066317353,0.6339620842445626,-1.113601471618466,-1.113601471618466
776.0,60.00668819480389,0.6310042690895578,-0.16322503491364213,-0.16322503491364215
777.0,60.00822882084218,0.6314612943114308,-1.3952221285910287,-1.3952221285910287
778.0,59.99943755499068,0.6322770058511931,-1.8219373119626945,-1.8219373119626945
779.0,60.00371211471543,0.6312385886250075,-1.2821500323537096,-1.2821500323537096
780.0,60.00980621833399,0.6311225661992427,-1.5757426832681387,-1.5757426832681387
781.0,59.992745941357086,0.6325501648511271,-2.212636598423295,-2.2126365984232956
782.0,60.01754519693439,0.6311865200558051,-1.1791954019197168,-1.1791954019197168
783.0,60.00384637083392,0.6315859484395054,-2.815319296580934,-2.815319296580934
784.0,60.006339362537695,0.6324975814735255,-2.200512960655562,-2.2005129606555625
785.0,59.985076735088214,0.634317384183844,-2.244702797594581,-2.2447027975945812
786.0,59.99457205120309,0.6324569793034789,-0.7020358019269384,-0.7020358019269384
787.0,59.99332691224339,0.6328138511246365,-1.080572900105386,-1.080572900105386
788.0,60.00741753633764,0.6315681624546939,-0.9190003311272867,-0.9190003311272867
789.0,60.00812588709259,0.6317039482634731,-2.038996935563406,-2.0389969355634063
790.0,60.016654608346045,0.6304946053798702,-2.26062882974775,-2.26062882974775
791.0,60.00541100646508,0.631837591273475,-3.1731831215071273,-3.1731831215071282
792.0,59.98726860110072,0.6336206391835977,-2.648421457790187,-2.648421457790187
793.0,59.99477080136151,0.6323151744243439,-1.1818190360565748,-1.1818190360565748
794.0,59.994252299508446,0.6330755864976767,-1.4129103096044622,-1.4129103096044624
795.0,59.99511696163643,0.6331822831867909,-1.3224250655372218,-1.322425065537222
796.0,59.99248187372116,0.6337295889153475,-1.2615362433560706,-1.2615362433560706
797.0,59.98584331804295,0.6346875421365247,-0.9414835019878673,-0.9414835019878673
798.0,59.99391482580095,0.6336695421957182,-0.2005561856452216,-0.2005561856452216
799.0,60.00368268799842,0.6328586207769751,-0.5101259755405982,-0.5101259755405982
800.0,59.99705570333076,0.6339281910599411,-1.2466812374195118,-1.2466812374195118
801.0,59.99745544803404,0.6334699336930514,-0.8412878255840741,-0.8412878255840741
802.0,60.01567259890242,0.6309620032867124,-0.7636966125818893,-0.7636966125818894
803.0,60.0097640737849,0.6320353784221583,-2.2529998395058364,-2.2529998395058364
804.0,59.99753281307301,0.6330442986653031,-2.067607068714446,-2.0676070687144463
805.0,59.99865304426049,0.632718536796117,-1.345758332784728,-1.345758332784728
806.0,59.995691347018706,0.6332151712867767,-1.1986529692243624,-1.1986529692243624
807.0,60.01201585522044,0.6309460882797978,-0.9692581936927301,-0.9692581936927301
808.0,59.990517070307334,0.634248320881188,-2.2259510429869063,-2.2259510429869067
809.0,59.99075810371491,0.6333914843441293,-0.8325691740067938,-0.8325691740067938
810.0,59.98542700135925,0.634692260230523,-0.5004709420936981,-0.5004709420936981
811.0,59.99636928669185,0.6335362148975927,0.10472881436809095,0.10472881436809095
812.0,59.999528983413,0.6337460054361994,-0.3364792631701925,-0.3364792631701925
813.0,60.00838993078571,0.6325435643847218,-0.612787466940349,-0.6127874669403491
814.0,60.009521441487486,0.6324086957783549,-1.3377124220261551,-1.3377124220261554
815.0,59.99649731839355,0.6337810226305731,-1.6727407690105718,-1.6727407690105718
816.0,59.993006136750154,0.6336849765929603,-0.8252737366058419,-0.8252737366058419
817.0,60.005400138953924,0.6320755100714919,-0.4034470439039414,-0.40344704390394154
818.0,59.98981642143386,0.634691779374244,-1.2896914928031282,-1.2896914928031282
819.0,59.99327197104077,0.6338361005098001,-0.1632706411085597,-0.16327064110855974
820.0,59.999282178191685,0.6333145020137996,0.10960759113808832,0.10960759113808832
821.0,60.00465816791,0.632985464764087,-0.37454698438084916,-0.37454698438084916
822.0,59.99214230781092,0.6346459886130132,-0.7569414563432117,-0.7569414563432119
823.0,59.9987514951907,0.6332282335458199,0.0996799260587676,0.0996799260587676
824.0,59.9944311447979,0.6341946586717332,-0.21550871113856299,-0.21550871113856299
825.0,59.99795527060316,0.6338246379261295,0.09351714970867912,0.09351714970867912
826.0,60.00211522363515,0.6334970596410142,-0.054391080353883625,-0.054391080353883625
827.0,60.008122596616644,0.6327638122563315,-0.38833579247907823,-0.3883357924790783
828.0,59.98834694178304,0.6353975430679393,-0.9627991838469047,-0.9627991838469047
829.0,60.00048300231957,0.6331256303461447,0.46710525696044725,0.46710525696044725
830.0,60.00391973373619,0.6333036216776364,-0.14459799477612245,-0.14459799477612245
831.0,59.9867933946454,0.6355384413909515,-0.5396987263756519,-0.5396987263756519
832.0,59.993604461406484,0.6341322464001952,0.780780108434113,0.7807801084341133
833.0,59.993920610825754,0.6345885361823147,0.6208298513654392,0.6208298513654392
834.0,59.98113853304904,0.6358171664575126,0.6685502765442852,0.6685502765442852
835.0,59.98471867932112,0.6358272523051852,1.8039725874946257,1.8039725874946262
836.0,59.98969827406733,0.6338419862055606,1.9341825686526635,1.9341825686526635
837.0,59.99250088616036,0.6356031612513372,2.1333766566779078,2.1333766566779078
838.0,60.00412035201177,0.6329080732053339,1.607248204673123,1.607248204673123
839.0,60.012715807656,0.6328135681795141,1.0538037782712766,1.0538037782712766
840.0,59.99495781836589,0.6346766166190185,0.01142051274916657,0.011420512749166573
841.0,59.98991285671902,0.6346080190230109,1.3074917342749326,1.3074917342749328
842.0,59.98500466613551,0.6354002776578185,1.9892572798253862,1.9892572798253867
843.0,59.98682404700256,0.6353556117276715,2.6306735526112095,2.63067355261121
844.0,59.98831143334226,0.6355649574475415,2.8227288056018187,2.822728805601819
845.0,59.982988157305215,0.6365359747507052,2.965272368368634,2.9652723683686344
846.0,59.98020607789161,0.6369568284963066,3.659907076743136,3.6599070767431368
847.0,59.98962785687624,0.6359318556191534,4.3149251151169326,4.314925115116933
848.0,59.99929909739271,0.6350928053803179,3.9932543615782126,3.9932543615782135
849.0,59.99953881041552,0.634969347756416,3.3511890472983,3.3511890472983
850.0,60.000882551418094,0.6352206896896525,3.2538084674435246,3.253808467443525
851.0,59.99792274368023,0.6347214356149666,3.3231596998188757,3.3231596998188757
852.0,59.98932838760925,0.6362794450356173,3.4602323106967114,3.460232310696712
853.0,59.98322756251714,0.6364568204635205,4.270797840570468,4.270797840570469
854.0,59.99598289222522,0.6348420177041042,5.056725718899073,5.056725718899073
855.0,60.01243299567415,0.6353713022391126,4.401778030212662,4.401778030212662
856.0,60.026546190340795,0.6338281579044053,3.042601628728208,3.0426016287282085
857.0,60.01161924001436,0.6355666945550132,1.464664503815636,1.464664503815636
858.0,60.00219876250808,0.6357561516928615,2.014516494588773,2.0145164945887735
859.0,60.0080277830028,0.6346706740490243,2.6418613306231906,2.6418613306231906
860.0,60.00491165655883,0.6353103468437135,2.1592468846969184,2.1592468846969184
861.0,60.00763214990868,0.6347454051151235,2.1931613342956546,2.1931613342956546
862.0,60.010651475443936,0.6343844345311749,1.880144706172493,1.8801447061724934
863.0,59.98695030912599,0.6375009418856691,1.4334370344183593,1.4334370344183593
864.0,60.00443440718008,0.6345075164815709,3.1466155855648594,3.1466155855648603
865.0,59.99428504634973,0.6362538814528592,2.1358560420748627,2.135856042074863
866.0,59.99105115334999,0.6371760382338639,2.6840579158507816,2.6840579158507816
867.0,59.98441012262825,0.6376821202947365,3.0952115553224524,3.095211555322453
868.0,60.00673009930211,0.635259466060895,3.968727786663355,3.968727786663355
869.0,59.99398132133813,0.6376589833863303,2.448561352291915,2.448561352291915
870.0,59.993248075025804,0.6366026816317324,3.2602512364631133,3.2602512364631133
871.0,59.99070739577767,0.6370746340674756,3.5602612453450817,3.5602612453450826
872.0,59.98204778111502,0.6383214843498172,3.9158427376327998,3.9158427376328007
873.0,59.99042344750143,0.6372332542856982,4.853773594416398,4.853773594416398
874.0,60.00579164625671,0.6357540696034362,4.610198129140178,4.610198129140178
875.0,60.016253133136836,0.6346876232315524,3.4794719146888573,3.4794719146888573
876.0,59.994077326031544,0.637442994488228,2.3776918350879757,2.377691835087976
877.0,59.987839463828365,0.6372706172075288,3.799351755552431,3.799351755552431
878.0,59.99733708776684,0.6361291307794125,4.60907419874047,4.609074198740471
879.0,59.99310786416307,0.6371675634208317,4.116499087000227,4.116499087000228
880.0,60.002547010268124,0.6356889595496559,4.4560816184841725,4.4560816184841725
881.0,59.986438523850516,0.6374643830066719,3.8467597945620713,3.8467597945620713
882.0,60.00061929088644,0.6358249785759514,5.005215543642108,5.005215543642108
883.0,59.982786953422185,0.6384349710282421,4.144279647213617,4.144279647213617
884.0,59.973888757505215,0.6393864304968305,5.64672921656688,5.64672921656688
885.0,60.001684965573,0.6376349398446364,6.875522517810875,6.875522517810875
886.0,60.00998877531197,0.6377938523308465,5.244575460043704,5.244575460043705
887.0,60.00645557245729,0.6380541970322227,4.307229186486858,4.307229186486859
888.0,60.00444625868198,0.6378037554575442,4.322317420005517,4.322317420005518
889.0,60.01165290963584,0.636490669698366,4.35477812281909,4.3547781228190905
890.0,59.97833908221945,0.6390604360961902,3.6366622749816333,3.636662274981634
891.0,59.99915292200673,0.638157953472764,5.934152085648191,5.934152085648192
892.0,59.99193448956114,0.6383280514151093,4.743699156043851,4.743699156043851
893.0,59.99389254551854,0.6388371050826915,5.5370320719545125,5.5370320719545125
894.0,59.993966820110124,0.6388537517953548,5.45235202375636,5.45235202375636
895.0,59.99220464776196,0.6391834525054362,5.715182844485509,5.715182844485509
896.0,59.99784247274899,0.6384472040005582,6.012413169819249,6.01241316981925
897.0,60.00631224335564,0.6371698991050875,5.697212541313761,5.697212541313762
898.0,60.00397216458725,0.6384823856545262,4.916202291363541,4.916202291363541
899.0,59.99885558955729,0.6380767366121946,4.909118368278011,4.909118368278011
