Time,Load,PV,Wind
00:00:00,0.7271682280590838,7.039548546712148e-05,0.7258693004222168
00:01:00,0.7249841944939365,7.005328519054521e-05,0.724749145792101
00:02:00,0.721823093281223,6.971108491396889e-05,0.7252044218854287
00:03:00,0.7191792631760445,6.936888463739261e-05,0.7254220340783109
00:04:00,0.7164779585033622,6.902668436081632e-05,0.7259551732050651
00:05:00,0.7161905856658428,6.868448408424004e-05,0.7267849444024412
00:06:00,0.714696246910742,6.834228380766376e-05,0.7281939201389982
00:07:00,0.7173975515834242,6.800008353108746e-05,0.7295551501381794
00:08:00,0.7202138053911145,6.765788325451119e-05,0.7307710934929731
00:09:00,0.7165354330708661,6.731568297793487e-05,0.7315161488602158
00:10:00,0.7244094488188976,6.69734827013586e-05,0.7321975983957457
00:11:00,0.7234898557388355,6.663128242478232e-05,0.73295615673885
00:12:00,0.71940916144606,6.628908214820602e-05,0.7333574054834292
00:13:00,0.719466636013564,6.594688187162975e-05,0.7323220616443044
00:14:00,0.7162480602333466,6.560468159505343e-05,0.7312286930634495
00:15:00,0.7169952296108971,6.526248131847715e-05,0.7315758879205058
00:16:00,0.7177423989884475,6.732374912731132e-05,0.7317928489084984
00:17:00,0.7267659060865567,6.938501693614547e-05,0.7319731673833715
00:18:00,0.7240071268463704,7.144628474497961e-05,0.732493870780939
00:19:00,0.7236048048738433,7.350755255381378e-05,0.7323650578811414
00:20:00,0.7271682280590838,7.556882036264792e-05,0.7313223588167337
00:21:00,0.7253865164664636,7.763008817148207e-05,0.7284012164113061
00:22:00,0.7215931950112074,7.969135598031624e-05,0.7252031510970114
00:23:00,0.7176274498534398,8.175262378915038e-05,0.7210344710050822
00:24:00,0.719926432553595,8.381389159798452e-05,0.7181016128271844
00:25:00,0.7207885510661532,8.587515940681869e-05,0.7153627900626135
00:26:00,0.7169377550433933,8.793642721565283e-05,0.7122027472438087
00:27:00,0.7202712799586183,8.999769502448698e-05,0.7077665082676972
00:28:00,0.7196965342835795,9.205896283332113e-05,0.7036685046381345
00:29:00,0.7209609747686648,9.412023064215529e-05,0.6993754114287931
00:30:00,0.718949364906029,9.618149845098943e-05,0.6940315093749577
00:31:00,0.7256738893039829,9.709419547437218e-05,0.6884394262382738
00:32:00,0.7220529915512386,9.800689249775495e-05,0.6823957892264851
00:33:00,0.7165354330708661,9.89195895211377e-05,0.6753545968128126
00:34:00,0.7255589401689753,9.983228654452043e-05,0.6691610732278958
00:35:00,0.724237025116386,0.0001007449835679032,0.6641528141207829
00:36:00,0.7262486349790217,0.00010165768059128593,0.6591274500197583
00:37:00,0.7348123455370998,0.0001025703776146687,0.6538529825452706
00:38:00,0.7421690901775964,0.00010348307463805145,0.6504679344690617
00:39:00,0.7435484797976895,0.00010439577166143422,0.6481735482862364
00:40:00,0.7379734467498131,0.00010530846868481695,0.6465987361717824
00:41:00,0.7341226507270532,0.0001062211657081997,0.6442475516213054
00:42:00,0.7345249726995804,0.00010713386273158247,0.6406020601883337
00:43:00,0.7391804126673946,0.0001080465597549652,0.6342380915414513
00:44:00,0.7376860739122938,0.00010895925677834799,0.6261503633452379
00:45:00,0.740387378584976,0.00010987195380173072,0.6181895415457636
00:46:00,0.742858784987643,0.00010941560529003933,0.6117289324340158
00:47:00,0.7350997183746192,0.00010895925677834799,0.605722743303648
00:48:00,0.7319960917294097,0.00010850290826665659,0.600027580942677
00:49:00,0.7311914477843554,0.0001080465597549652,0.593708341546333
00:50:00,0.7342950744295649,0.00010759021124327385,0.5869967362298569
00:51:00,0.7335479050520144,0.00010713386273158247,0.5802739664132411
00:52:00,0.741421920800046,0.00010667751421989108,0.573932467728521
00:53:00,0.7319386171619058,0.0001062211657081997,0.5671305451514671
00:54:00,0.7343525489970687,0.00010576481719650834,0.5602517701928463
00:55:00,0.7305017529743089,0.00010530846868481695,0.5542084218695128
00:56:00,0.7259612621415024,0.0001048521201731256,0.5486071570556844
00:57:00,0.7260187367090062,0.00010439577166143422,0.5428169041127296
00:58:00,0.7250991436289441,0.00010393942314974283,0.5384129711563617
00:59:00,0.7375136502097822,0.00010348307463805148,0.5333225293346407
01:00:00,0.7390654635323869,0.00010302672612636009,0.5264304378217222
01:01:00,0.7313063969193632,9.919726060270251e-05,0.5187487047567563
01:02:00,0.738088395884821,9.536779507904488e-05,0.511268927089385
01:03:00,0.7362492097246968,9.153832955538728e-05,0.5036660221224966
01:04:00,0.7390654635323869,8.770886403172968e-05,0.49584644928516197
01:05:00,0.7356744640496581,8.387939850807208e-05,0.4878999222852615
01:06:00,0.739985056612449,8.004993298441445e-05,0.4811539327083247
01:07:00,0.7339502270245416,7.622046746075686e-05,0.4761165393947326
01:08:00,0.7322259899994252,7.239100193709928e-05,0.47226798195884384
01:09:00,0.7376285993447899,6.856153641344168e-05,0.4702567696707745
01:10:00,0.7288924650842002,6.473207088978405e-05,0.4690178686268428
01:11:00,0.7372262773722628,6.090260536612646e-05,0.4675879077356523
01:12:00,0.7305017529743089,5.707313984246884e-05,0.46722716309205337
01:13:00,0.7475142249554572,5.324367431881125e-05,0.46726016462154396
01:14:00,0.7339502270245416,4.941420879515362e-05,0.46813893744884605
01:15:00,0.7390079889648831,4.558474327149604e-05,0.46942703456021145
01:16:00,0.7395252600724179,4.6326340156590656e-05,0.4711764200627167
01:17:00,0.7391804126673946,4.706793704168524e-05,0.4736069148413566
01:18:00,0.740387378584976,4.780953392677985e-05,0.4764220937298892
01:19:00,0.7390079889648831,4.855113081187444e-05,0.48061261657623267
01:20:00,0.7438933272027127,4.929272769696906e-05,0.48537565598208
01:21:00,0.7465946318753951,5.003432458206364e-05,0.49062256650503894
01:22:00,0.7452727168228059,5.077592146715826e-05,0.49695563309715146
01:23:00,0.7390654635323869,5.151751835225284e-05,0.5038050543315657
01:24:00,0.7390654635323869,5.225911523734746e-05,0.5118246615513977
01:25:00,0.7379159721823093,5.3000712122442036e-05,0.520389705325402
01:26:00,0.7341801252945571,5.374230900753666e-05,0.5296087775442057
01:27:00,0.7418817173400769,5.448390589263124e-05,0.5387961078471437
01:28:00,0.7364791079947123,5.522550277772586e-05,0.546557295491621
01:29:00,0.7350422438071152,5.596709966282048e-05,0.5521820886922573
01:30:00,0.7375136502097822,5.670869654791506e-05,0.5562261797136457
01:31:00,0.7372837519397666,5.962546504818991e-05,0.5585492192261124
01:32:00,0.7402149548824645,6.25422335484648e-05,0.5590924535819772
01:33:00,0.7373987010747743,6.545900204873966e-05,0.5585919160791645
01:34:00,0.741421920800046,6.837577054901454e-05,0.5574078186028293
01:35:00,0.7476866486579689,7.12925390492894e-05,0.5552915621404991
01:36:00,0.7429737341226507,7.420930754956425e-05,0.5530104509126931
01:37:00,0.7471693775504339,7.712607604983911e-05,0.549142023419713
01:38:00,0.7517673429507442,8.004284455011398e-05,0.5453229621225415
01:39:00,0.7513650209782171,8.295961305038884e-05,0.5399725879558059
01:40:00,0.748548767170527,8.587638155066369e-05,0.5349447975814821
01:41:00,0.7467095810104029,8.87931500509386e-05,0.5297494686544644
01:42:00,0.7441807000402322,9.170991855121343e-05,0.5235829772378446
01:43:00,0.7340651761595494,9.462668705148832e-05,0.5160987144590097
01:44:00,0.7313063969193632,9.754345555176318e-05,0.506764525846653
01:45:00,0.6600379332145525,0.00010046022405203803,0.49609662218732997
01:46:00,0.6621644922121961,9.799955963468557e-05,0.48604333487484636
01:47:00,0.6649807460198862,9.553889521733308e-05,0.4759429763407951
01:48:00,0.6792919133283523,9.307823079998061e-05,0.46481560632734437
01:49:00,0.6807287775159491,9.061756638262812e-05,0.4521344750935693
01:50:00,0.6728547617679177,8.815690196527566e-05,0.43935296684831476
01:51:00,0.6740042531179953,8.569623754792316e-05,0.42591919059102784
01:52:00,0.6691763894476694,8.32355731305707e-05,0.41188685790040763
01:53:00,0.6710155756077936,8.077490871321823e-05,0.39738559947591495
01:54:00,0.6709006264727858,7.831424429586575e-05,0.3849308403897479
01:55:00,0.6719351686878556,7.585357987851324e-05,0.3734334818018985
01:56:00,0.6714178975803207,7.339291546116078e-05,0.36285514813854863
01:57:00,0.6620495430771883,7.093225104380832e-05,0.3531435513494547
01:58:00,0.6627392378872349,6.847158662645582e-05,0.34459421113509436
01:59:00,0.6649807460198862,6.601092220910333e-05,0.33606805484529173
02:00:00,0.6622794413472038,6.355025779175086e-05,0.32786841078097895
02:01:00,0.6684866946376228,6.383550616515409e-05,0.32036061048086956
02:02:00,0.6770504051957008,6.412075453855732e-05,0.3140023822638543
02:03:00,0.6736019311454682,6.44060029119606e-05,0.3087461188629946
02:04:00,0.6712454738778091,6.469125128536382e-05,0.30411961037180113
02:05:00,0.6714178975803207,6.497649965876706e-05,0.2988110790467163
02:06:00,0.6686591183401345,6.526174803217029e-05,0.2933097635023837
02:07:00,0.6584861198919478,6.554699640557353e-05,0.28839294790967757
02:08:00,0.6607276280245991,6.58322447789768e-05,0.28519958411566493
02:09:00,0.6565319845968158,6.611749315238002e-05,0.28258123841767596
02:10:00,0.6684866946376228,6.640274152578325e-05,0.2812371880619707
02:11:00,0.6669923558825219,6.668798989918647e-05,0.27873099153126063
02:12:00,0.6646358986148629,6.697323827258973e-05,0.2758176115241716
02:13:00,0.6673946778550491,6.725848664599299e-05,0.273142281909513
02:14:00,0.6755560664406,6.754373501939622e-05,0.2706677045974464
02:15:00,0.6803839301109258,6.782898339279944e-05,0.2679747378000898
02:16:00,0.6742341513880108,6.817118366937572e-05,0.2657490118504642
02:17:00,0.6756710155756078,6.851338394595204e-05,0.2645151098293038
02:18:00,0.6756710155756078,6.88555842225283e-05,0.26424531848230604
02:19:00,0.6660152882349559,6.919778449910462e-05,0.2633894755633433
02:20:00,0.6630266107247542,6.95399847756809e-05,0.2632666895844123
02:21:00,0.6498649347663659,6.988218505225716e-05,0.2637681523429097
02:22:00,0.6513017989539629,7.022438532883347e-05,0.2648000360121409
02:23:00,0.6514742226564745,7.056658560540975e-05,0.266180483230176
02:24:00,0.6591183401344904,7.090878588198601e-05,0.26777367418080084
02:25:00,0.6563020863268004,7.125098615856233e-05,0.26943772988286535
02:26:00,0.6629691361572504,7.15931864351386e-05,0.27159660038705785
02:27:00,0.6591758147019943,7.19353867117149e-05,0.27420474205970047
02:28:00,0.6677395252600724,7.227758698829118e-05,0.2759820926580571
02:29:00,0.6644634749123512,7.261978726486746e-05,0.27820007431450083
02:30:00,0.6676820506925686,7.296198754144376e-05,0.28049356894973204
02:31:00,0.666934881315018,7.34752879563082e-05,0.28304324916654666
02:32:00,0.6596356112420254,7.398858837117262e-05,0.28578033793902863
02:33:00,0.6600954077820563,7.450188878603705e-05,0.2876771150135439
02:34:00,0.6553250186792343,7.501518920090147e-05,0.28974906453563015
02:35:00,0.6571067302718546,7.552848961576587e-05,0.29131392243260734
02:36:00,0.6529110868440714,7.604179003063032e-05,0.2923325696428858
02:37:00,0.6526237140065521,7.655509044549472e-05,0.29332335982144364
02:38:00,0.6564170354618081,7.706839086035915e-05,0.294762218720011
02:39:00,0.6644060003448474,7.758169127522357e-05,0.2972668878522425
02:40:00,0.6732570837404448,7.8094991690088e-05,0.300995509503502
02:41:00,0.672222541525375,7.860829210495244e-05,0.3055423004937863
02:42:00,0.6744065750905224,7.912159251981685e-05,0.31050898351729317
02:43:00,0.6740617276854991,7.963489293468129e-05,0.31590261064580816
02:44:00,0.6686591183401345,8.01481933495457e-05,0.3223910772820307
02:45:00,0.6609575262946146,8.066149376441014e-05,0.32977746429253196
02:46:00,0.6616472211046612,8.185919473242711e-05,0.33786806421896926
02:47:00,0.6517615954939938,8.305689570044412e-05,0.3458384802433679
02:48:00,0.6490028162538076,8.42545966684611e-05,0.35282886563653454
02:49:00,0.6484280705787688,8.545229763647811e-05,0.35971540447175654
02:50:00,0.6596930858095292,8.664999860449508e-05,0.3661164063217592
02:51:00,0.6604402551870797,8.784769957251205e-05,0.3720165794953607
02:52:00,0.664118627507328,8.904540054052907e-05,0.3769071166727795
02:53:00,0.6677969998275762,9.024310150854604e-05,0.3811053177746962
02:54:00,0.6709006264727858,9.144080247656306e-05,0.3844733930959873
02:55:00,0.667452152422553,9.263850344458003e-05,0.38896191397573243
02:56:00,0.6713604230128167,9.3836204412597e-05,0.3938710638581597
02:57:00,0.6700385079602276,9.503390538061401e-05,0.39868346571288965
02:58:00,0.6665325593424909,9.623160634863098e-05,0.4038327774950701
02:59:00,0.6611299499971263,9.742930731664799e-05,0.4088821492362149
03:00:00,0.6579688487844129,9.862700828466496e-05,0.4143925065867043
03:01:00,0.6563020863268004,9.657380662520726e-05,0.420859124262088
03:02:00,0.6596930858095292,9.452060496574954e-05,0.4276402477523815
03:03:00,0.6590033909994827,9.246740330629187e-05,0.43511145219863734
03:04:00,0.6648083223173745,9.041420164683416e-05,0.4424860852069171
03:05:00,0.6633139835622737,8.836099998737645e-05,0.450300956143723
03:06:00,0.6715903212828324,8.630779832791874e-05,0.4582888620215837
03:07:00,0.6729697109029253,8.425459666846107e-05,0.4658355427791629
03:08:00,0.6758434392781194,8.220139500900335e-05,0.4722486097828831
03:09:00,0.6721650669578711,8.014819334954565e-05,0.4776597053528385
03:10:00,0.672682338065406,7.809499169008796e-05,0.48184256098642986
03:11:00,0.6690039657451577,7.604179003063024e-05,0.4854484817357631
03:12:00,0.6666475084774987,7.398858837117254e-05,0.4882152024776507
03:13:00,0.660267831484568,7.193538671171482e-05,0.49144349473072585
03:14:00,0.6619345939421806,6.988218505225712e-05,0.4947230221564444
03:15:00,0.6620495430771883,6.782898339279944e-05,0.498463296541815
03:16:00,0.6533134088165987,6.862753218106711e-05,0.5010997143578424
03:17:00,0.6580837979194206,6.942608096933473e-05,0.5025529155170436
03:18:00,0.6611874245646301,7.02246297576024e-05,0.5051123209772842
03:19:00,0.6624518650497154,7.102317854587005e-05,0.5070428221910948
03:20:00,0.6692338640151733,7.18217273341377e-05,0.5071662343196337
03:21:00,0.6758434392781194,7.262027612240533e-05,0.5058884292201479
03:22:00,0.6740042531179953,7.3418824910673e-05,0.503127017449125
03:23:00,0.6758434392781194,7.421737369894066e-05,0.49984772662660254
03:24:00,0.6687165929076383,7.501592248720831e-05,0.49574022568091797
03:25:00,0.6627967124547387,7.581447127547594e-05,0.4905701131257893
03:26:00,0.6538881544916375,7.661302006374359e-05,0.48396052704239506
03:27:00,0.6531984596815908,7.741156885201125e-05,0.47625830575448747
03:28:00,0.6546353238691879,7.821011764027892e-05,0.4679961988152557
03:29:00,0.6565894591643198,7.900866642854654e-05,0.45956607518797193
03:30:00,0.6614173228346456,7.98072152168142e-05,0.4499410015446237
03:31:00,0.6651531697223978,8.083381604654305e-05,0.44000997685625703
03:32:00,0.6672797287200413,8.186041687627194e-05,0.43028794609365073
03:33:00,0.6737168802804758,8.28870177060008e-05,0.42177668374981453
03:34:00,0.680326455543422,8.391361853572966e-05,0.41390674214699696
03:35:00,0.6738893039829875,8.49402193654585e-05,0.40638002462832357
03:36:00,0.673659405712972,8.59668201951874e-05,0.3985204313623246
03:37:00,0.6687165929076383,8.699342102491626e-05,0.3919479560509623
03:38:00,0.6616472211046612,8.802002185464512e-05,0.3858160190659024
03:39:00,0.6628541870222426,8.904662268437397e-05,0.38038870402122293
03:40:00,0.6645209494798551,9.007322351410286e-05,0.37485890742323474
03:41:00,0.6626242887522271,9.109982434383172e-05,0.3701383799451971
03:42:00,0.6660152882349559,9.212642517356058e-05,0.3667572218501484
03:43:00,0.6641761020748318,9.315302600328947e-05,0.36293797285065144
03:44:00,0.6663601356399792,9.417962683301832e-05,0.3601440980906112
03:45:00,0.6695212368526926,9.520622766274718e-05,0.3581449275191033
03:46:00,0.6718776941203517,9.446463077765255e-05,0.35744944021635444
03:47:00,0.6745789987930341,9.372303389255793e-05,0.3589616222883124
03:48:00,0.6744065750905224,9.298143700746332e-05,0.36146252313115923
03:49:00,0.6738893039829875,9.22398401223687e-05,0.3641731889718048
03:50:00,0.6687165929076383,9.149824323727408e-05,0.36781386116608406
03:51:00,0.6630840852922582,9.07566463521795e-05,0.3719974997804155
03:52:00,0.6660152882349559,9.001504946708487e-05,0.3776228550640678
03:53:00,0.6594631875395137,8.927345258199026e-05,0.38350867769278346
03:54:00,0.6597505603770331,8.853185569689565e-05,0.3893907039422762
03:55:00,0.6582562216219322,8.779025881180104e-05,0.3952359630645279
03:56:00,0.6608425771596068,8.70486619267064e-05,0.40083281449396124
03:57:00,0.6569917811368469,8.630706504161178e-05,0.40670415936460497
03:58:00,0.6589459164319789,8.556546815651717e-05,0.4117478864638826
03:59:00,0.6586010690269555,8.482387127142255e-05,0.415870893111307
04:00:00,0.6699810333927236,8.408227438632793e-05,0.4194154760874169
04:01:00,0.6718776941203517,8.556522372774817e-05,0.42387056066183487
04:02:00,0.674176676820507,8.704817306916841e-05,0.4282774880399522
04:03:00,0.6756135410081039,8.853112241058866e-05,0.43194269838549487
04:04:00,0.6721650669578711,9.00140717520089e-05,0.4349971732579504
04:05:00,0.664578424047359,9.149702109342914e-05,0.43786277601214024
04:06:00,0.6609575262946146,9.297997043484937e-05,0.4401198913917477
04:07:00,0.659348238404506,9.446291977626962e-05,0.44178316302644954
04:08:00,0.6562446117592964,9.594586911768986e-05,0.4421841491687582
04:09:00,0.6586585435944594,9.74288184591101e-05,0.4417092654896395
04:10:00,0.664118627507328,9.891176780053035e-05,0.44194496683161505
04:11:00,0.6595206621070175,0.00010039471714195059,0.4428496412126529
04:12:00,0.6619920685096845,0.00010187766648337083,0.4427261282973646
04:13:00,0.6654980171274211,0.00010336061582479108,0.44279452622724547
04:14:00,0.6709006264727858,0.00010484356516621133,0.4442426112733127
04:15:00,0.6742341513880108,0.00010632651450763157,0.4464676338276996
04:16:00,0.6770504051957008,0.00010541406191301778,0.4495702190848059
04:17:00,0.6701534570952353,0.00010450160931840401,0.4534803659261176
04:18:00,0.6649232714523823,0.00010358915672379022,0.457474951826342
04:19:00,0.6623369159147077,0.00010267670412917645,0.4617443071428884
04:20:00,0.661704695672165,0.00010176425153456267,0.46617275499138194
04:21:00,0.6601528823495604,0.0001008517989399489,0.47056008505043817
04:22:00,0.6583136961894361,9.993934634533512e-05,0.4735797695532134
04:23:00,0.6610150008621184,9.902689375072134e-05,0.4761332678446774
04:24:00,0.6542330018966607,9.811444115610756e-05,0.4785186482127341
04:25:00,0.6584861198919478,9.720198856149378e-05,0.4807131260018764
04:26:00,0.6631990344272659,9.628953596688001e-05,0.48202486293940444
04:27:00,0.66503822058739,9.537708337226622e-05,0.4820865514795684
04:28:00,0.6691763894476694,9.446463077765245e-05,0.4826674960586247
04:29:00,0.6687740674751421,9.355217818303866e-05,0.4832891682113582
04:30:00,0.6714178975803207,9.263972558842489e-05,0.4842268632196727
04:31:00,0.6652681188574056,9.423657873619125e-05,0.4860049382108636
04:32:00,0.6611299499971263,9.583343188395758e-05,0.4888031120092638
04:33:00,0.6577964250819013,9.74302850317239e-05,0.4923377347708219
04:34:00,0.6535433070866141,9.902713817949026e-05,0.49665340801450103
04:35:00,0.6532559342490947,0.00010062399132725657,0.5002353334995351
04:36:00,0.6537157307891258,0.0001022208444750229,0.5032834342260325
04:37:00,0.6565894591643198,0.00010381769762278926,0.5063195247950241
04:38:00,0.6571067302718546,0.00010541455077055559,0.5085727291873309
04:39:00,0.6555549169492499,0.00010701140391832192,0.5099367720694861
04:40:00,0.656934306569343,0.00010860825706608828,0.5106404821867185
04:41:00,0.6630266107247542,0.00011020511021385461,0.5104547361096933
04:42:00,0.6684866946376228,0.00011180196336162097,0.5096429469934538
04:43:00,0.6739467785504915,0.0001133988165093873,0.5084055737723959
04:44:00,0.6685441692051267,0.00011499566965715361,0.5060131702612132
04:45:00,0.669808609690212,0.00011659252280491996,0.5037840955582624
04:46:00,0.664118627507328,0.00011499566965715361,0.5023088430785955
04:47:00,0.6604402551870797,0.0001133988165093873,0.5019185422258385
04:48:00,0.6563020863268004,0.00011180196336162097,0.5031177412657108
04:49:00,0.6552100695442267,0.00011020511021385461,0.5059103308914454
04:50:00,0.6563020863268004,0.00010860825706608828,0.5100181503984532
04:51:00,0.6573366285418701,0.00010701140391832192,0.5145260471013945
04:52:00,0.6544054255991723,0.00010541455077055559,0.5201605906688007
04:53:00,0.6539456290591413,0.00010381769762278926,0.5270504474701788
04:54:00,0.6613598482671418,0.0001022208444750229,0.5346259178908108
04:55:00,0.6629116615897466,0.00010062399132725657,0.5422766442263413
04:56:00,0.6721650669578711,9.902713817949026e-05,0.5499265047243694
04:57:00,0.6661877119374676,9.74302850317239e-05,0.5571968876018875
04:58:00,0.6688315420426462,9.583343188395758e-05,0.5639327369096061
04:59:00,0.6666475084774987,9.423657873619121e-05,0.5702044639910383
05:00:00,0.6600954077820563,9.263972558842489e-05,0.5759599574682618
05:01:00,0.6618196448071728,9.32099779064624e-05,0.5805213952056768
05:02:00,0.6533708833841025,9.378023022449986e-05,0.5841551139003741
05:03:00,0.6551525949767227,9.435048254253734e-05,0.5871006478669606
05:04:00,0.6515316972239784,9.492073486057484e-05,0.5900156038857216
05:05:00,0.6563020863268004,9.549098717861234e-05,0.5917228687585276
05:06:00,0.6552675441117305,9.606123949664981e-05,0.5926819907705745
05:07:00,0.6530835105465831,9.663149181468731e-05,0.5928742362471202
05:08:00,0.6576240013793896,9.720174413272479e-05,0.5924820521191114
05:09:00,0.6597505603770331,9.77719964507623e-05,0.5924213719448925
05:10:00,0.6637163055348008,9.834224876879976e-05,0.5919242790360983
05:11:00,0.6683142709351112,9.891250108683726e-05,0.5900169770037121
05:12:00,0.6658428645324445,9.948275340487476e-05,0.5878712429877582
05:13:00,0.6629116615897466,0.00010005300572291224,0.5855068748126878
05:14:00,0.6597505603770331,0.00010062325804094971,0.5824719130211102
05:15:00,0.6548652221392034,0.00010119351035898721,0.5791939681054377
05:16:00,0.6503822058739008,0.00010107936212387213,0.5774718121292589
05:17:00,0.6509569515489396,0.00010096521388875705,0.5769619004333657
05:18:00,0.6529685614115753,0.00010085106565364195,0.5768080760705259
05:19:00,0.652221392034025,0.00010073691741852687,0.5775554011017141
05:20:00,0.6516466463589861,0.00010062276918341179,0.5795976366250607
05:21:00,0.6523938157365367,0.00010050862094829671,0.5830476509683695
05:22:00,0.6558997643542732,0.0001003944727131816,0.5872773403829353
05:23:00,0.6648657968848783,0.00010028032447806652,0.593707532104977
05:24:00,0.6656129662624288,0.00010016617624295144,0.6018919496996816
05:25:00,0.6699810333927236,0.00010005202800783634,0.611730085051619
05:26:00,0.6689464911776538,9.993787977272126e-05,0.6222101016026416
05:27:00,0.6668774067475142,9.982373153760618e-05,0.6328216913030305
05:28:00,0.6597505603770331,9.97095833024911e-05,0.6435267591683099
05:29:00,0.6549226967067072,9.959543506737599e-05,0.6530377409594901
05:30:00,0.6528536122765676,9.948128683226091e-05,0.6624456989113865
05:31:00,0.6538306799241335,9.931018669397276e-05,0.6707418842972787
05:32:00,0.6533708833841025,9.91390865556846e-05,0.6784907731527607
05:33:00,0.6514167480889705,9.896798641739644e-05,0.685522042721449
05:34:00,0.6544054255991723,9.879688627910828e-05,0.6912414324254061
05:35:00,0.651186849818955,9.862578614082016e-05,0.695471696012556
05:36:00,0.6518765446290017,9.845468600253202e-05,0.6991645021175813
05:37:00,0.6546353238691879,9.828358586424383e-05,0.7012658699118269
05:38:00,0.6635438818322892,9.811248572595571e-05,0.7016228104502158
05:39:00,0.6681418472325995,9.794138558766755e-05,0.701719179814818
05:40:00,0.6661302373699638,9.777028544937939e-05,0.7011044964121061
05:41:00,0.661704695672165,9.759918531109125e-05,0.7003850515706622
05:42:00,0.6568193574343353,9.742808517280309e-05,0.6993976867103189
05:43:00,0.6544054255991723,9.725698503451493e-05,0.6987063856393959
05:44:00,0.6578538996494051,9.708588489622678e-05,0.6987805209941976
05:45:00,0.6542904764641646,9.691478475793863e-05,0.6991559594828303
05:46:00,0.6586585435944594,9.70289329930537e-05,0.6993316803758037
05:47:00,0.6527961377090638,9.71430812281688e-05,0.7005913464523378
05:48:00,0.6571067302718546,9.72572294632839e-05,0.7014204439588938
05:49:00,0.6548077475716996,9.737137769839896e-05,0.7018553787726398
05:50:00,0.6548077475716996,9.748552593351408e-05,0.7016634058774681
05:51:00,0.6648657968848783,9.759967416862916e-05,0.7011757176811844
05:52:00,0.6648657968848783,9.771382240374424e-05,0.700889609819639
05:53:00,0.6624518650497154,9.782797063885935e-05,0.7014240972756197
05:54:00,0.6619920685096845,9.794211887397442e-05,0.7027403285018022
05:55:00,0.6629691361572504,9.805626710908951e-05,0.7044694222863322
05:56:00,0.6517615954939938,9.817041534420462e-05,0.7071079740413924
05:57:00,0.6529110868440714,9.82845635793197e-05,0.7096665246300476
05:58:00,0.6484280705787688,9.839871181443478e-05,0.7128177485441919
05:59:00,0.6489453416863038,9.851286004954988e-05,0.7176057362807285
06:00:00,0.6462440370136214,9.862700828466496e-05,0.7237141295409378
06:01:00,0.6445197999885051,9.857005638149192e-05,0.7314197115250515
06:02:00,0.6472211046611873,9.851310447831888e-05,0.740719695109882
06:03:00,0.6480257486062417,9.84561525751458e-05,0.7511485966718671
06:04:00,0.651186849818955,9.839920067197276e-05,0.7618725317682171
06:05:00,0.6542904764641646,9.834224876879972e-05,0.7723621497916383
06:06:00,0.6573366285418701,9.828529686562667e-05,0.780700417013517
06:07:00,0.655957238921777,9.822834496245364e-05,0.7877799252965719
06:08:00,0.6552675441117305,9.817139305928056e-05,0.7925269898103763
06:09:00,0.6572791539743663,9.811444115610752e-05,0.7949483441123896
06:10:00,0.6463589861486292,9.805748925293448e-05,0.795900210133585
06:11:00,0.64503707109604,9.800053734976143e-05,0.796616568183228
06:12:00,0.6465888844186447,9.79435854465884e-05,0.7961155032482738
06:13:00,0.6445197999885051,9.788663354341531e-05,0.7952228176055994
06:14:00,0.6399793091556986,9.782968164024229e-05,0.7951820013076817
06:15:00,0.635956089430427,9.777272973706925e-05,0.7960827475974364
06:16:00,0.636933157077993,9.805773368170347e-05,0.7991180470680609
06:17:00,0.7091212138628656,9.834273762633775e-05,0.8040631943586285
06:18:00,0.7117075694005401,9.862774157097198e-05,0.8102860626529133
06:19:00,0.7127995861831139,9.891274551560622e-05,0.8184325033817375
06:20:00,0.7170527041784011,9.91977494602405e-05,0.8277258857549136
06:21:00,0.7173975515834242,9.948275340487472e-05,0.8381817738128621
06:22:00,0.7207310764986493,9.976775734950898e-05,0.8492733572956112
06:23:00,0.720386229093626,0.00010005276129414326,0.8612328896471013
06:24:00,0.7158457382608195,0.00010033776523877748,0.8733631571446745
06:25:00,0.7125696879130984,0.00010062276918341172,0.8844136633549144
06:26:00,0.7077418242427725,0.000100907773128046,0.8934767569492952
06:27:00,0.7063049600551755,0.00010119277707268023,0.9004218895363051
06:28:00,0.7041209264900281,0.00010147778101731447,0.9050804908128429
06:29:00,0.7029139605724467,0.00010176278496194873,0.9081379166848635
06:30:00,0.7019943674923846,0.00010204778890658297,0.9105015173169269
06:31:00,0.7011322489798264,0.00010348185249420658,0.9137474414548801
06:32:00,0.7048106213000747,0.00010491591608183018,0.9181473179332831
06:33:00,0.7051554687050979,0.00010634997966945379,0.9247185133939182
06:34:00,0.705615265245129,0.00010778404325707743,0.9327141037736524
06:35:00,0.7100408069429277,0.00010921810684470104,0.9421026676177535
06:36:00,0.7150410943157652,0.00011065217043232464,0.9526720816452346
06:37:00,0.7147537214782458,0.00011208623401994825,0.9628706559907475
06:38:00,0.7105580780504626,0.00011352029760757188,0.9727332582126371
06:39:00,0.7068797057302143,0.0001149543611951955,0.9809257012922791
06:40:00,0.7026265877349273,0.00011638842478281909,0.987635635217813
06:41:00,0.7006724524397954,0.0001178224883704427,0.9921901152658111
06:42:00,0.6961894361744927,0.00011925655195806633,0.9965468702395732
06:43:00,0.6944077245818725,0.00012069061554568994,0.9989055388434998
06:44:00,0.7024541640324156,0.0001221246791333135,0.9998601008141124
06:45:00,0.7037186045175009,0.00012355874272093717,1.0
06:46:00,0.7034312316799816,0.00012378679476239836,0.9992838593745909
06:47:00,0.7031438588424622,0.00012401484680385955,0.9988396144542941
06:48:00,0.7040059773550204,0.00012424289884532076,0.9970841363593191
06:49:00,0.7099833323754238,0.00012447095088678197,0.9929293529756813
06:50:00,0.715673314558308,0.00012469900292824319,0.9889187989196205
06:51:00,0.7127421116156101,0.00012492705496970434,0.9859422230756972
06:52:00,0.7105580780504626,0.00012515510701116558,0.9843828622805779
06:53:00,0.7066498074601988,0.00012538315905262677,0.9830926557254759
06:54:00,0.7052129432726019,0.00012561121109408798,0.9817597856280758
06:55:00,0.7045232484625552,0.00012583926313554917,0.9804098509540023
06:56:00,0.6969366055520432,0.00012606731517701036,0.9785438675155137
06:57:00,0.6973964020920742,0.0001262953672184716,0.9751942148570351
06:58:00,0.6967641818495315,0.00012652341925993276,0.9701607750557164
06:59:00,0.6976263003620897,0.00012675147130139397,0.9631972466011842
07:00:00,0.6948100465543997,0.00012697952334285515,0.9560198399343712
07:01:00,0.6930858095292832,0.000367163542323756,0.9483754171926501
07:02:00,0.690327030289097,0.0006073475613046569,0.9412158199731274
07:03:00,0.6949824702569113,0.0008475315802855581,0.9349703695652533
07:04:00,0.6970515546870509,0.001087715599266459,0.9295239039273506
07:05:00,0.7085464681878269,0.00132789961824736,0.9255891044790815
07:06:00,0.7068797057302143,0.0015680836372282607,0.923541812827593
07:07:00,0.6995804356572217,0.001808267656209162,0.9206626717797116
07:08:00,0.7006724524397954,0.002048451675190063,0.9197605079101563
07:09:00,0.6905569285591125,0.0022886356941709636,0.9204127162262979
07:10:00,0.6943502500143686,0.0025288197131518647,0.9208769860225007
07:11:00,0.6930283349617794,0.002769003732132766,0.9201494317285235
07:12:00,0.6926260129892522,0.0030091877511136665,0.9174058331360514
07:13:00,0.6929708603942755,0.0032493717700945676,0.9161359366276721
07:14:00,0.694637622851888,0.0034895557890754687,0.9157922083676764
07:15:00,0.6938904534743376,0.0037297398080563694,0.915894048400579
07:16:00,0.695097419391919,0.004187489629880326,0.9172814807869109
07:17:00,0.6968216564170354,0.004645239451704277,0.9196833716110205
07:18:00,0.7052704178401058,0.0051029892735282335,0.9232915649256711
07:19:00,0.7047531467325708,0.005560739095352189,0.9270145158247872
07:20:00,0.7090062647278579,0.006018488917176141,0.9321961705377038
07:21:00,0.7225702626587734,0.006476238739000097,0.9363716398996492
07:22:00,0.7111902982930053,0.006933988560824052,0.9406897800332461
07:23:00,0.7026265877349273,0.007391738382648004,0.9454272597941153
07:24:00,0.6977987240646014,0.00784948820447196,0.9493802236720849
07:25:00,0.6992355882521983,0.008307238026295917,0.9510255139082159
07:26:00,0.699925283062245,0.008764987848119871,0.9496702355711026
07:27:00,0.7006149778722914,0.009222737669943824,0.9470253330545473
07:28:00,0.7066498074601988,0.009680487491767779,0.9427715730668889
07:29:00,0.7042933501925397,0.010138237313591732,0.9370710045941155
07:30:00,0.7079717225127881,0.010595987135415687,0.9296555555471125
07:31:00,0.710385654347951,0.011862617016285906,0.9206512081663746
07:32:00,0.7114201965630208,0.013129246897156126,0.9110045555758279
07:33:00,0.7218805678487269,0.01439587677802635,0.8999105530544366
07:34:00,0.7282602448416575,0.01566250665889657,0.8873961083714228
07:35:00,0.7273981263290994,0.01692913653976679,0.8742039949902035
07:36:00,0.7230875337663083,0.01819576642063701,0.862223175899033
07:37:00,0.726133685844014,0.01946239630150723,0.851816400524822
07:38:00,0.7246393470889132,0.020729026182377455,0.839545331389088
07:39:00,0.71940916144606,0.021995656063247677,0.8274560088894262
07:40:00,0.7172826024484166,0.023262285944117896,0.8155086316306898
07:41:00,0.7116500948330363,0.024528915824988114,0.8018793070964223
07:42:00,0.7214782458761998,0.025795545705858337,0.7871933270608099
07:43:00,0.7264785332490373,0.02706217558672856,0.7731064152179554
07:44:00,0.7276854991666187,0.028328805467598778,0.7607687935310912
07:45:00,0.7284326685441691,0.029595435348469,0.7482319664850808
07:46:00,0.7235473303063394,0.03126582073609482,0.7359409163798347
07:47:00,0.7278004483016265,0.03293620612372064,0.7226077091116365
07:48:00,0.7360767860221852,0.03460659151134645,0.7075442565378971
07:49:00,0.7981493189263751,0.03627697689897227,0.6927367110484682
07:50:00,0.7960802344962354,0.03794736228659808,0.6791196457546863
07:51:00,0.7932065061210414,0.03961774767422391,0.6673593271363155
07:52:00,0.7903327777458474,0.04128813306184974,0.656514551006042
07:53:00,0.7934938789585607,0.04295851844947553,0.6459731786663604
07:54:00,0.7940111500660957,0.04462890383710136,0.6367547748843055
07:55:00,0.795275590551181,0.046299289224727196,0.6285983664072018
07:56:00,0.7904477268808552,0.047969674612352985,0.6216592813954349
07:57:00,0.7940111500660957,0.04964005999997881,0.6156657486996238
07:58:00,0.7906776251508707,0.051310445387604646,0.6106357509858283
07:59:00,0.7915397436634289,0.052980830775230435,0.6061681271697548
08:00:00,0.8811425944019771,0.054651216162856266,0.603629250917928
08:01:00,0.8806253232944421,0.05689486865295621,0.6019852408743191
08:02:00,0.8890166101500085,0.05913852114305612,0.6000570762696318
08:03:00,0.8991321340306914,0.06138217363315607,0.5987968775058606
08:04:00,0.899764354273234,0.06362582612325603,0.5984595113435554
08:05:00,0.8974653715730789,0.06586947861335593,0.5988290168436604
08:06:00,0.8936720501178228,0.06811313110345588,0.5994434438575281
08:07:00,0.8951663888729237,0.07035678359355582,0.5991755442323867
08:08:00,0.894993965170412,0.07260043608365574,0.5980987931036067
08:09:00,0.8903959997701018,0.07484408857375568,0.5955428768700923
08:10:00,0.8890740847175124,0.07708774106385563,0.5912748186079462
08:11:00,0.8971779987355595,0.07933139355395555,0.5875123230015983
08:12:00,0.8978102189781022,0.08157504604405548,0.5841760143264522
08:13:00,0.8926949824702569,0.08381869853415544,0.5810620184342071
08:14:00,0.896430829358009,0.08606235102425538,0.5774229707878892
08:15:00,0.8958560836829702,0.0883060035143553,0.5723648839052962
08:16:00,0.9013736421633427,0.09188718643395793,0.5661118360677801
08:17:00,0.8999367779757457,0.09546836935356054,0.5591978100142949
08:18:00,0.9049945399160871,0.09904955227316317,0.5515159278513051
08:19:00,0.9082131156963044,0.10263073519276582,0.5426078226704042
08:20:00,0.9093626070463818,0.10621191811236842,0.5321663712839413
08:21:00,0.9076958445887694,0.10979310103197107,0.5202118120429022
08:22:00,0.9066038278061956,0.1133742839515737,0.5073031020175472
08:23:00,0.9041898959710327,0.11695546687117633,0.49389197883900077
08:24:00,0.9046496925110639,0.12053664979077894,0.479655326349471
08:25:00,0.8965457784930168,0.12411783271038158,0.46485713949006496
08:26:00,0.9676418184953157,0.1276990156299842,0.4496347341898558
08:27:00,0.9644232427150986,0.13128019854958684,0.43522575433722405
08:28:00,0.9686763607103855,0.13486138146918947,0.42127367100304886
08:29:00,0.9696534283579514,0.13844256438879207,0.40664478863769693
08:30:00,0.9647680901201219,0.1420237473083947,0.3920787727029912
08:31:00,0.9684464624403701,0.1459074434852974,0.378006091144513
08:32:00,0.9724696821656418,0.14979113966220012,0.36579615939196836
08:33:00,0.9726421058681531,0.15367483583910282,0.3544140556473631
08:34:00,0.9797689522386344,0.15755853201600553,0.34421482254928826
08:35:00,0.9794241048336111,0.1614422281929082,0.3364439485804226
08:36:00,0.983677222828898,0.16532592436981092,0.3299783927960536
08:37:00,0.9179837921719638,0.16920962054671365,0.32446160009697
08:38:00,0.9060865566986608,0.17309331672361636,0.3210248210889636
08:39:00,0.9009713201908155,0.17697701290051904,0.3191196750983419
08:40:00,0.9825277314788206,0.18086070907742172,0.3182571080882122
08:41:00,0.9827001551813321,0.18474440525432445,0.3175303176344649
08:42:00,0.98281510431634,0.18862810143122713,0.3173271884849538
08:43:00,0.9782746134835335,0.1925117976081298,0.31847560040674816
08:44:00,0.9826426806138284,0.19639549378503254,0.3200525211560244
08:45:00,0.9813207655612392,0.20027918996193522,0.32289154013542914
08:46:00,0.9829300534513478,0.20368688545634883,0.32624166236730595
08:47:00,0.9855738835565262,0.2070945809507624,0.3307439475653887
08:48:00,0.987642967986666,0.21050227644517597,0.3353847988156667
08:49:00,0.9895396287142938,0.21390997193958955,0.33955858481530593
08:50:00,0.990401747226852,0.21731766743400316,0.3432365734708953
08:51:00,0.9868383240416116,0.2207253629284167,0.34595657627462
08:52:00,0.986608425771596,0.2241330584228303,0.3471819087005383
08:53:00,0.9844243922064486,0.22754075391724385,0.347691137799408
08:54:00,0.9798264268061382,0.23094844941165746,0.34821892122472975
08:55:00,0.980401172481177,0.23435614490607104,0.34792608793474517
08:56:00,0.9808034944537043,0.23776384040048462,0.3482687686534124
08:57:00,0.9818380366687739,0.24117153589489818,0.3483060960008878
08:58:00,0.9835047991263864,0.24457923138931176,0.3491860766015089
08:59:00,0.984711765043968,0.24798692688372534,0.34996653459226756
09:00:00,0.9816081383987585,0.2513946223781389,0.3511012082988799
09:01:00,0.9846542904764642,0.25572018891523135,0.35292670838036727
09:02:00,0.9897695269843094,0.2600457554523238,0.35568660148434517
09:03:00,0.9898844761193171,0.26437132198941615,0.3571067367426968
09:04:00,0.9976435427323409,0.2686968885265086,0.35808722642859087
09:05:00,0.990861543766883,0.273022455063601,0.3591105381783753
09:06:00,1.0,0.27734802160069344,0.3615872945022429
09:07:00,0.9939651704120926,0.2816735881377858,0.3643470209684258
09:08:00,0.9935053738720616,0.28599915467487824,0.3670196723970291
09:09:00,0.9934478993045577,0.29032472121197067,0.3703904814574281
09:10:00,0.9877004425541697,0.2946502877490631,0.3743992704565227
09:11:00,0.9851140870164952,0.2989758542861555,0.37797322186825805
09:12:00,0.9864934766365884,0.3033014208232479,0.3808181085092299
09:13:00,0.9833898499913787,0.30762698736034033,0.383726246632658
09:14:00,0.9870107477441231,0.3119525538974327,0.38676858078198395
09:15:00,0.9820104603712856,0.31627812043452513,0.39039920466694317
09:16:00,0.9802287487786654,0.32340493787348484,0.3947876237555233
09:17:00,0.9817805621012702,0.33053175531244455,0.40017411673877
09:18:00,0.9822403586413012,0.33765857275140426,0.4060967604883402
09:19:00,0.9781021897810219,0.34478539019036397,0.4126439963367248
09:20:00,0.9799988505086498,0.3519122076293237,0.4199112958304209
09:21:00,0.9827576297488361,0.3590390250682834,0.42653605962496727
09:22:00,0.986608425771596,0.3661658425072431,0.4332442497346591
09:23:00,0.9877579171216736,0.3732926599462029,0.4396858427793549
09:24:00,0.98281510431634,0.3804194773851625,0.44581952440341255
09:25:00,0.9816656129662623,0.3875462948241221,0.4513391762860018
09:26:00,0.9766078510259211,0.39467311226308205,0.4548707837620846
09:27:00,0.9811483418587276,0.40179992970204165,0.457430686419866
09:28:00,0.9829300534513478,0.40892674714100125,0.46077613537225826
09:29:00,0.9776423932409909,0.4160535645799612,0.4655626989779267
09:30:00,0.9806310707511926,0.4231803820189208,0.47231983902717384
09:31:00,0.974653715730789,0.4271294465392419,0.4793772093305331
09:32:00,0.9751135122708202,0.4310785110595627,0.4868058056721877
09:33:00,0.9787918845910685,0.43502757557988386,0.49484365035188127
09:34:00,0.9762630036208977,0.43897664010020504,0.5021043507516267
09:35:00,0.9885050864992241,0.44292570462052583,0.5077151878001548
09:36:00,0.9893097304442784,0.4468747691408469,0.5134621409782252
09:37:00,0.984194493936433,0.45082383366116807,0.5185651406124538
09:38:00,0.9915512385769296,0.45477289818148886,0.5222460630525421
09:39:00,0.9198804528995919,0.45872196270181,0.5257180066243563
09:40:00,0.9859187309615495,0.46267102722213116,0.5284582012963945
09:41:00,0.987125696879131,0.46662009174245195,0.5297145096517618
09:42:00,0.9843094430714409,0.47056915626277307,0.5295436366199494
09:43:00,0.9951721363296742,0.4745182207830942,0.5291377860963964
09:44:00,0.9848267141789758,0.47846728530341504,0.5281247905689584
09:45:00,0.9816081383987585,0.4824163498237362,0.5267313902455781
09:46:00,0.9878728662566812,0.4837664196201879,0.5249518133936788
09:47:00,0.9814931892637508,0.4851164894166394,0.5234418055783014
09:48:00,0.9778148169435026,0.4864665592130912,0.5213246015325395
09:49:00,0.9844243922064486,0.487816629009543,0.5207072396973953
09:50:00,0.9865509512040921,0.48916669880599434,0.5190600651463866
09:51:00,0.9872406460141386,0.49051676860244614,0.5182074441093578
09:52:00,0.9929881027645268,0.49186683839889794,0.5183314901391265
09:53:00,0.983677222828898,0.4932169081953493,0.5172033375260372
09:54:00,0.9892522558767745,0.4945669779918011,0.5154006416863247
09:55:00,0.9852290361515029,0.4959170477882529,0.5129266382491958
09:56:00,0.9818380366687739,0.49726711758470427,0.5091858243976576
09:57:00,0.9844818667739526,0.49861718738115607,0.5036929170886539
09:58:00,0.981378240128743,0.49996725717760787,0.4966280554829465
09:59:00,0.9774699695384792,0.5013173269740593,0.4892134276407381
10:00:00,0.9795390539686188,0.5026673967705111,0.4821458096448951
10:01:00,0.9773550204034713,0.5061402810509693,0.4757248827131067
10:02:00,0.9853439852865106,0.5096131653314275,0.46997905943752505
10:03:00,0.9832174262888671,0.5130860496118856,0.46388506333019863
10:04:00,0.9826426806138284,0.516558933892344,0.45775909183265756
10:05:00,0.9843669176389447,0.5200318181728022,0.451441402034366
10:06:00,0.9916087131444336,0.5235047024532603,0.44633163177218066
10:07:00,0.9883901373642162,0.5269775867337185,0.44243409661878624
10:08:00,0.9914362894419219,0.5304504710141767,0.4380298905626554
10:09:00,0.9879878153916892,0.533923355294635,0.4333203974178943
10:10:00,0.9892522558767745,0.5373962395750932,0.42867630265861484
10:11:00,0.9906891200643714,0.5408691238555513,0.4246267365312898
10:12:00,0.9826426806138284,0.5443420081360096,0.42059111069536886
10:13:00,0.9835622736938904,0.5478148924164679,0.416477354306221
10:14:00,0.9891947813092705,0.551287776696926,0.41168076359960154
10:15:00,0.9857463072590378,0.5547606609773842,0.40691844242573677
10:16:00,0.9859187309615495,0.5576207547567101,0.4007930067200689
10:17:00,0.9798264268061382,0.560480848536036,0.39393218073365915
10:18:00,0.9874705442841543,0.5633409423153618,0.3884629873732986
10:19:00,0.9810908672912236,0.5662010360946876,0.3823204284674478
10:20:00,0.983792171963906,0.5690611298740134,0.37607045695141805
10:21:00,0.9828725788838438,0.5719212236533392,0.37002579078116576
10:22:00,0.9857463072590378,0.5747813174326651,0.36583242578266806
10:23:00,0.9832174262888671,0.577641411211991,0.362382953212642
10:24:00,0.9859762055290534,0.5805015049913168,0.35995921359574284
10:25:00,0.9889074084717512,0.5833615987706426,0.3576047704588401
10:26:00,0.9951146617621702,0.5862216925499685,0.3551577318564274
10:27:00,0.9855738835565262,0.5890817863292943,0.3523228892979129
10:28:00,0.9778722915110063,0.5919418801086201,0.3496405543049142
10:29:00,0.9759181562158744,0.594801973887946,0.34752257885386384
10:30:00,0.9834473245588827,0.5976620676672718,0.3455705973889593
10:31:00,0.967526869360308,0.6055728092323932,0.3437795572370348
10:32:00,0.977584918673487,0.6134835507975152,0.3430002502517471
10:33:00,0.970400597735502,0.6213942923626365,0.3430538666747663
10:34:00,0.9771251221334559,0.6293050339277579,0.34375246551241334
10:35:00,0.9748836140008046,0.6372157754928798,0.3437464799330553
10:36:00,0.9758032070808668,0.6451265170580013,0.34383727996031144
10:37:00,0.980343697913673,0.6530372586231228,0.3431159658543552
10:38:00,0.9786769354560606,0.6609480001882445,0.3421786700267943
10:39:00,0.9851715615839989,0.668858741753366,0.3403733311802591
10:40:00,0.9891947813092705,0.6767694833184874,0.33880131633887445
10:41:00,0.9793091556986034,0.6846802248836094,0.33749864953374953
10:42:00,0.9871831714466347,0.6925909664487306,0.3368702195717894
10:43:00,0.9822978332088051,0.7005017080138521,0.33598345391234924
10:44:00,0.970458072303006,0.708412449578974,0.33513543526086115
10:45:00,0.977067647565952,0.7163231911440955,0.3330653862362135
10:46:00,0.9677567676303236,0.7171933245637913,0.3309469103505406
10:47:00,0.9750560377033162,0.7180634579834874,0.3268006398313244
10:48:00,0.974193919190758,0.7189335914031831,0.3227666716533146
10:49:00,0.961377090637393,0.7198037248228789,0.3188982517738142
10:50:00,0.9672969710902924,0.720673858242575,0.31436445937464574
10:51:00,0.9591930570722454,0.7215439916622708,0.3097947803117089
10:52:00,0.9645956664176102,0.7224141250819666,0.3047055601544185
10:53:00,0.9716650382205873,0.7232842585016627,0.3011042608570809
10:54:00,0.9668946491177653,0.7241543919213584,0.29822358150461764
10:55:00,0.958445887694695,0.7250245253410542,0.2953728789184842
10:56:00,0.9720673601931145,0.7258946587607503,0.2924854067142798
10:57:00,0.9730444278406805,0.7267647921804461,0.28862778874614997
10:58:00,0.9798839013736421,0.7276349256001419,0.28372256611333635
10:59:00,0.9719524110581068,0.728505059019838,0.2799014151894074
11:00:00,0.9626415311224782,0.7293751924395337,0.2774367584508136
11:01:00,0.9637910224725558,0.7314361346692476,0.27497140065542724
11:02:00,0.9593080062072532,0.7334970768989614,0.27281459690907
11:03:00,0.9569515489395941,0.7355580191286752,0.27248249688646514
11:04:00,0.9617219380424162,0.7376189613583892,0.27257318916147816
11:05:00,0.9499971262716248,0.7396799035881031,0.27364154961036624
11:06:00,0.9491350077590666,0.741740845817817,0.2766037486125641
11:07:00,0.9431001781711591,0.7438017880475308,0.27917467093207915
11:08:00,0.950801770216679,0.7458627302772447,0.2808335924486083
11:09:00,0.9625840565549745,0.7479236725069585,0.2831074569154472
11:10:00,0.9506868210816714,0.7499846147366723,0.2849347413354013
11:11:00,0.9574113454796253,0.7520455569663862,0.2874246031908654
11:12:00,0.9564917523995631,0.7541064991961001,0.29216889344720953
11:13:00,0.9578711420196563,0.756167441425814,0.297155568945897
11:14:00,0.9643082935800907,0.7582283836555279,0.3017450003831181
11:15:00,0.9598827518822921,0.7602893258852418,0.30734709152439116
11:16:00,0.9680441404678429,0.7674007198688788,0.31388985593310526
11:17:00,0.960859819529858,0.7745121138525154,0.3224621166293884
11:18:00,0.9651704120926489,0.7816235078361524,0.33075996361095283
11:19:00,0.9624691074199665,0.7887349018197893,0.33843631365235655
11:20:00,0.9594804299097648,0.7958462958034264,0.3457989055308227
11:21:00,0.9588482096672222,0.802957689787063,0.3530932338774061
11:22:00,0.9581010402896719,0.8100690837707,0.36148315560291083
11:23:00,0.9552273119144779,0.8171804777543366,0.37135168807327273
11:24:00,0.9529858037818265,0.8242918717379736,0.3797355137983283
11:25:00,0.950399448244152,0.8314032657216106,0.3876420262669493
11:26:00,0.9564342778320591,0.8385146597052473,0.39572935621522415
11:27:00,0.9586757859647106,0.8456260536888843,0.4052765294215607
11:28:00,0.9620667854474395,0.8527374476725212,0.41311126006761933
11:29:00,0.9590781079372378,0.8598488416561579,0.42029160228914353
11:30:00,0.9626990056899821,0.866960235639795,0.4261300271953593
11:31:00,0.9647680901201219,0.8718770183438255,0.43180568626217747
11:32:00,0.9572963963446174,0.8767938010478563,0.4370746459551431
11:33:00,0.8844186447496982,0.8817105837518867,0.4426166520083521
11:34:00,0.8855106615322719,0.8866273664559177,0.44848790450039905
11:35:00,0.8756250359216046,0.8915441491599482,0.45491730638159383
11:36:00,0.87688947640669,0.8964609318639787,0.45965995513410496
11:37:00,0.8765446290016666,0.9013777145680092,0.46277957369365824
11:38:00,0.8695327317661934,0.90629449727204,0.46495588221100664
11:39:00,0.8694752571986896,0.9112112799760707,0.46639226769137515
11:40:00,0.8725214092763951,0.9161280626801012,0.46765524877896425
11:41:00,0.8728662566814184,0.921044845384132,0.46779912540276325
11:42:00,0.871142019656302,0.9259616280881624,0.4663405479391166
11:43:00,0.8680958675785964,0.9308784107921934,0.4631197851697199
11:44:00,0.8609115466406114,0.9357951934962239,0.45975699381842594
11:45:00,0.8623484108282085,0.9407119762002545,0.45708774977092936
11:46:00,0.8674636473360537,0.9402542999514898,0.45481591126586485
11:47:00,0.87688947640669,0.9397966237027253,0.4517417057886074
11:48:00,0.8794758319443645,0.939338947453961,0.4488442989118936
11:49:00,0.8736134260589689,0.9388812712051965,0.4467051984356882
11:50:00,0.8709695959537904,0.9384235949564319,0.44531880877992286
11:51:00,0.8604517501005805,0.9379659187076674,0.443819193278965
11:52:00,0.8651646646358986,0.9375082424589029,0.4408701815500203
11:53:00,0.8652221392034025,0.9370505662101385,0.43832298672419256
11:54:00,0.8632105293407667,0.936592889961374,0.4362996627797955
11:55:00,0.8606241738030921,0.9361352137126094,0.43500316597512373
11:56:00,0.8636703258807976,0.935677537463845,0.4322565390092827
11:57:00,0.8591298350479912,0.9352198612150805,0.42947143061719023
11:58:00,0.8613713431806426,0.934762184966316,0.42729990299769965
11:59:00,0.8653945629059141,0.9343045087175516,0.4250690179357268
12:00:00,0.8641301224208288,0.933846832468787,0.4232665601133866
12:01:00,0.8700500028737284,0.9361716340880456,0.4221958914371633
12:02:00,0.8680383930110925,0.9384964357073038,0.4208596415443472
12:03:00,0.8741306971665037,0.9408212373265625,0.4186453193469672
12:04:00,0.8748778665440542,0.9431460389458206,0.4160502181452757
12:05:00,0.8763147307316512,0.9454708405650792,0.4128151686853874
12:06:00,0.8694177826311857,0.9477956421843379,0.4093646155495317
12:07:00,0.8732111040864416,0.950120443803596,0.4056245529858082
12:08:00,0.8739582734639921,0.9524452454228547,0.40191110060764085
12:09:00,0.868843036956147,0.9547700470421131,0.3975879841065731
12:10:00,0.8679809184435887,0.9570948486613714,0.3924612890632223
12:11:00,0.859187309615495,0.95941965028063,0.3870867709386208
12:12:00,0.8697626300362089,0.9617444518998886,0.3812737703195109
12:13:00,0.8681533421461003,0.9640692535191467,0.3739811613119874
12:14:00,0.8732685786539456,0.9663940551384055,0.3666543899101457
12:15:00,0.8621185125581929,0.9687188567576639,0.3581576816428938
12:16:00,0.8689579860911546,0.9669304946471144,0.34931225421477424
12:17:00,0.8698201046037128,0.965142132536565,0.3408738294037255
12:18:00,0.8737283751939766,0.9633537704260154,0.3323180180762148
12:19:00,0.8036668774067475,0.961565408315466,0.3242746313927923
12:20:00,0.803436979136732,0.9597770462049166,0.31483852889136726
12:21:00,0.8007931490315535,0.9579886840943671,0.3057794500674379
12:22:00,0.8018276912466233,0.9562003219838175,0.296596341370666
12:23:00,0.8008506235990573,0.9544119598732681,0.2868054687550583
12:24:00,0.7933214552560492,0.9526235977627187,0.2762118220782262
12:25:00,0.7955629633887005,0.9508352356521691,0.2638635356621932
12:26:00,0.7898729812058164,0.9490468735416197,0.2515360262145229
12:27:00,0.7863095580205758,0.9472585114310702,0.24039995897964203
12:28:00,0.7857922869130409,0.9454701493205206,0.23011280334520196
12:29:00,0.7893557100982814,0.9436817872099712,0.22041114216143234
12:30:00,0.7966549801712742,0.9418934250994218,0.2113067900393223
12:31:00,0.795792861658716,0.9457671967594602,0.20206555148751804
12:32:00,0.7933789298235531,0.9496409684194989,0.19384600214130893
12:33:00,0.7921144893384677,0.9535147400795374,0.18741316440180172
12:34:00,0.7964825564687625,0.9573885117395758,0.18216384896487184
12:35:00,0.8672337490660382,0.9612622833996145,0.17851858065841086
12:36:00,0.8661417322834646,0.965136055059653,0.1764877033189389
12:37:00,0.8637852750158055,0.9690098267196915,0.17500889124980828
12:38:00,0.8637278004483017,0.9728835983797302,0.17474411926949468
12:39:00,0.8657394103109374,0.9767573700397687,0.17476787837208269
12:40:00,0.868325765848612,0.9806311416998071,0.17612174556368265
12:41:00,0.8696476809012011,0.984504913359846,0.17709156105553978
12:42:00,0.8574630725903788,0.9883786850198844,0.17794083594258084
12:43:00,0.8609690212081154,0.9922524566799228,0.17941795415630418
12:44:00,0.8574630725903788,0.9961262283399617,0.18002205950616695
12:45:00,0.8576929708603942,1.0,0.1814878198151482
12:46:00,0.8514857175699753,0.998466902919049,0.18288125218891424
12:47:00,0.8537272257026265,0.9969338058380978,0.18389820066751247
12:48:00,0.8558537847002701,0.9954007087571468,0.1849695018293654
12:49:00,0.8510833955974481,0.9938676116761956,0.1856570963475941
12:50:00,0.8610264957756192,0.9923345145952446,0.18764602300629943
12:51:00,0.8644174952583481,0.9908014175142934,0.19025921756003303
12:52:00,0.8601069026955571,0.9892683204333423,0.19195742201310553
12:53:00,0.8703948502787516,0.9877352233523912,0.19504067822021323
12:54:00,0.8643025461233403,0.9862021262714402,0.19869432819457583
12:55:00,0.8637278004483017,0.9846690291904889,0.2018145254953705
12:56:00,0.8645899189608597,0.983135932109538,0.2052285626348855
12:57:00,0.864474969825852,0.9816028350285868,0.20918309590652465
12:58:00,0.8666015288234955,0.9800697379476357,0.21285319039617323
12:59:00,0.8619460888556814,0.9785366408666846,0.2165075240200027
13:00:00,0.8617161905856658,0.9770035437857335,0.21869096737048166
13:01:00,0.8634404276107822,0.9762783478266088,0.21853472071767657
13:02:00,0.870682223116271,0.9755531518674844,0.21753116598631364
13:03:00,0.8672337490660382,0.9748279559083597,0.21613260428477124
13:04:00,0.8661992068509684,0.9741027599492352,0.21440316083986158
13:05:00,0.8602793263980688,0.9733775639901101,0.2115707355269904
13:06:00,0.8721765618713719,0.9726523680309858,0.20840146882365224
13:07:00,0.8670038507960227,0.9719271720718613,0.2049404509271151
13:08:00,0.8691304097936663,0.9712019761127364,0.20043043344281775
13:09:00,0.9429277544686475,0.9704767801536117,0.1956217622487104
13:10:00,0.9471808724639347,0.969751584194487,0.19107286159964348
13:11:00,0.944134720386229,0.9690263882353625,0.1869700824526431
13:12:00,0.9466061267888958,0.9683011922762378,0.1834149229446712
13:13:00,0.9473532961664464,0.9675759963171133,0.17985446018804965
13:14:00,0.9416633139835623,0.9668508003579886,0.1771462751583403
13:15:00,0.9353985861256393,0.966125604398864,0.17497574835682575
13:16:00,0.9404563480659808,0.9633612778112257,0.17371872955670134
13:17:00,0.9400540260934537,0.9605969512235875,0.17370128941017599
13:18:00,0.9431001781711591,0.9578326246359491,0.17343457834236378
13:19:00,0.9490200586240588,0.9550682980483108,0.17354018373518468
13:20:00,0.9389620093108799,0.9523039714606727,0.1750710957107487
13:21:00,0.8684981895511236,0.9495396448730344,0.1764807808571755
13:22:00,0.8682108167136042,0.946775318285396,0.17680872993399785
13:23:00,0.9403988734984767,0.9440109916977583,0.17650296061559206
13:24:00,0.9497097534341055,0.9412466651101196,0.17522634504470236
13:25:00,0.9580435657221679,0.9384823385224815,0.17398726135843282
13:26:00,0.949882177136617,0.9357180119348429,0.17368344813324244
13:27:00,0.9530432783493304,0.932953685347205,0.1738235633049774
13:28:00,0.8863153054773262,0.9301893587595669,0.17422883003442208
13:29:00,0.8841312719121788,0.9274250321719285,0.17493442775061097
13:30:00,0.8783838151617909,0.9246607055842901,0.17654173753771235
13:31:00,0.9558595321570205,0.9205721450766529,0.17999484195262852
13:32:00,0.8766021035691707,0.9164835845690159,0.18427633860895928
13:33:00,0.9451117880337949,0.9123950240613786,0.19037031745564692
13:34:00,0.8822346111845508,0.9083064635537413,0.19902104949168858
13:35:00,0.8870624748548767,0.9042179030461039,0.20844203896948063
13:36:00,0.8860854072073107,0.9001293425384671,0.2176945629370409
13:37:00,0.8951089143054198,0.8960407820308297,0.22748995094713378
13:38:00,0.9024656589459163,0.8919522215231929,0.2383088640282828
13:39:00,0.9566067015345708,0.8878636610155555,0.24968197668338682
13:40:00,0.8867176274498535,0.8837751005079182,0.2607851994890725
13:41:00,0.8849359158572332,0.8796865400002812,0.27015225973606866
13:42:00,0.9615495143399045,0.875597979492644,0.2782042132917679
13:43:00,0.8979251681131099,0.8715094189850067,0.28611047527320216
13:44:00,0.9567216506695787,0.8674208584773693,0.29307982858234777
13:45:00,0.9566641761020748,0.8633322979697322,0.2994224595749376
13:46:00,0.954652566239439,0.860981749690522,0.3057365891329311
13:47:00,0.9652278866601529,0.8586312014113111,0.31192624487075116
13:48:00,0.9504569228116557,0.8562806531321008,0.3183387176755589
13:49:00,0.9533881257543537,0.8539301048528903,0.3248868632009047
13:50:00,0.9514914650267257,0.8515795565736795,0.3314669808594454
13:51:00,0.8914305419851715,0.8492290082944691,0.33757171927766955
13:52:00,0.9745387665957813,0.8468784600152583,0.343452013179961
13:53:00,0.8942467957928616,0.844527911736048,0.34943774007661127
13:54:00,0.9086729122363354,0.8421773634568376,0.354641652623852
13:55:00,0.9067187769412035,0.8398268151776271,0.3583228029456717
13:56:00,0.9027530317834358,0.8374762668984164,0.359947730994279
13:57:00,0.9728145295706648,0.835125718619206,0.3601639970336376
13:58:00,0.963676073337548,0.8327751703399956,0.357285454035557
13:59:00,0.9645956664176102,0.8304246220607848,0.35116839354641344
14:00:00,0.9672969710902924,0.8280740737815744,0.3431709388040744
14:01:00,0.9741364446232542,0.827685985914482,0.33499599278834125
14:02:00,0.9622966837174549,0.8272978980473892,0.3259144047827175
14:03:00,0.9678717167653312,0.8269098101802967,0.3157752968823296
14:04:00,0.9701132248979827,0.8265217223132043,0.3051915286997547
14:05:00,0.9679291913328353,0.8261336344461115,0.2943420093416854
14:06:00,0.9695959537904477,0.8257455465790191,0.28366510455406235
14:07:00,0.9683889878728662,0.8253574587119267,0.27409592975128666
14:08:00,0.9623541582849588,0.8249693708448339,0.26474719836293703
14:09:00,0.9660325306052071,0.8245812829777414,0.2562618857132138
14:10:00,0.9625840565549745,0.8241931951106489,0.2478739444124437
14:11:00,0.9539053968618887,0.8238051072435562,0.23937435609368793
14:12:00,0.9677567676303236,0.8234170193764637,0.23183782713520562
14:13:00,0.9632162767975171,0.8230289315093713,0.22560832972456715
14:14:00,0.9640783953100753,0.8226408436422785,0.22004576986226165
14:15:00,0.967469394792804,0.8222527557751861,0.21547425516172697
14:16:00,0.9609747686648656,0.8203886850310181,0.21260825484603646
14:17:00,0.9675843439278119,0.81852461428685,0.211288858257967
14:18:00,0.9841370193689293,0.8166605435426821,0.20983455779973137
14:19:00,0.9669521236852693,0.8147964727985143,0.2093671059321471
14:20:00,0.9659175814701995,0.812932402054346,0.20999920962595317
14:21:00,0.9617794126099202,0.8110683313101781,0.21155343791887665
14:22:00,0.9674119202253003,0.8092042605660104,0.2141418569718988
14:23:00,0.9701132248979827,0.807340189821842,0.21896474485834153
14:24:00,0.9590206333697339,0.8054761190776742,0.2251813155117435
14:25:00,0.8917179148226909,0.8036120483335063,0.2321752494757632
14:26:00,0.9617219380424162,0.801747977589338,0.23945469750260054
14:27:00,0.9585608368297028,0.7998839068451702,0.24821358564798618
14:28:00,0.9548824645094546,0.7980198361010024,0.25835898422518727
14:29:00,0.9499971262716248,0.7961557653568341,0.2680454570352304
14:30:00,0.9503419736766481,0.7942916946126662,0.2775549584546278
14:31:00,0.9633887005000287,0.7917770356358165,0.28746394708081935
14:32:00,0.9545376171044313,0.7892623766589671,0.29790283542478324
14:33:00,0.9630438530950054,0.7867477176821174,0.3082133881070966
14:34:00,0.9687913098453934,0.7842330587052676,0.3186087482561487
14:35:00,0.9664348525777344,0.7817183997284183,0.32898613397212373
14:36:00,0.9701132248979827,0.7792037407515686,0.3394048149060786
14:37:00,0.9754583596758435,0.7766890817747188,0.34915905997063496
14:38:00,0.9628139548249899,0.7741744227978695,0.357621696608609
14:39:00,0.9716650382205873,0.7716597638210199,0.36641289191447823
14:40:00,0.9702281740329903,0.76914510484417,0.37536374644526815
14:41:00,0.9629289039599978,0.7666304458673208,0.3842216450480278
14:42:00,0.9695384792229438,0.764115786890471,0.3920914339198271
14:43:00,0.957526294614633,0.7616011279136212,0.3998801508503901
14:44:00,0.9654003103626645,0.7590864689367719,0.4066280816026222
14:45:00,0.9650554629576412,0.7565718099599222,0.41215164537541993
14:46:00,0.9651704120926489,0.7522112987372007,0.4174519370070533
14:47:00,0.9714351399505718,0.7478507875144793,0.42194769389262154
14:48:00,0.8957411345479626,0.7434902762917579,0.4252841824202052
14:49:00,0.9162595551468474,0.7391297650690364,0.42789582999204084
14:50:00,0.9102247255589401,0.734769253846315,0.4307459838935154
14:51:00,0.9147652163917466,0.7304087426235936,0.43347148040678435
14:52:00,0.9116615897465371,0.726048231400872,0.43443994684727916
14:53:00,0.9197080291970802,0.7216877201781506,0.43479531545702016
14:54:00,0.9066613023736996,0.7173272089554292,0.434955381021872
14:55:00,0.9167768262543824,0.7129666977327077,0.43513045854305066
14:56:00,0.9210874188171734,0.7086061865099863,0.4349505457643952
14:57:00,0.9147077418242426,0.7042456752872649,0.43399982608032306
14:58:00,0.9142479452842117,0.6998851640645434,0.4326286003941335
14:59:00,0.9087303868038392,0.695524652841822,0.43102516658030093
15:00:00,0.9115466406115293,0.6911641416191006,0.42895188843906235
15:01:00,0.9058566584286453,0.6850526157795863,0.4267428828459648
15:02:00,0.909822403586413,0.6789410899400723,0.4248843195025688
15:03:00,0.9106845220989712,0.672829564100558,0.42394537241435665
15:04:00,0.9034427265934823,0.6667180382610441,0.42308268376799313
15:05:00,0.9082131156963044,0.6606065124215298,0.4209276589711377
15:06:00,0.9075234208862577,0.6544949865820155,0.4181559030360414
15:07:00,0.9105120983964595,0.6483834607425012,0.41602433946331036
15:08:00,0.9159147077418242,0.6422719349029874,0.4140334686386049
15:09:00,0.9039599977010172,0.636160409063473,0.4131334794101493
15:10:00,0.9094775561813897,0.6300488832239588,0.41348071546772364
15:11:00,0.9041324214035289,0.6239373573844449,0.41424494856203786
15:12:00,0.910282200126444,0.6178258315449305,0.4155781313874626
15:13:00,0.9096499798839013,0.6117143057054167,0.41790736611629575
15:14:00,0.9697683774929594,0.6056027798659024,0.42131774927828164
15:15:00,0.9571239726421057,0.5994912540263881,0.42586479450552683
15:16:00,0.9686763607103855,0.6000250779028402,0.43152733180976693
15:17:00,0.9619518363124316,0.6005589017792922,0.43861766765447
15:18:00,0.9621242600149432,0.6010927256557443,0.44568462449094576
15:19:00,0.9632162767975171,0.6016265495321966,0.4536372806980869
15:20:00,0.9607448703948502,0.6021603734086488,0.46249653933664003
15:21:00,0.9662624288752227,0.6026941972851007,0.471688711775676
15:22:00,0.8932122535777918,0.6032280211615528,0.48068999087849923
15:23:00,0.957009023507098,0.6037618450380051,0.4898699848972846
15:24:00,0.9686763607103855,0.6042956689144569,0.4986766045833595
15:25:00,0.9637910224725558,0.6048294927909091,0.5079089836722742
15:26:00,0.9695384792229438,0.6053633166673609,0.5168057000188495
15:27:00,0.9682740387378586,0.6058971405438132,0.5241845199112137
15:28:00,0.9655727340651762,0.6064309644202653,0.5307453106531252
15:29:00,0.9701706994654864,0.6069647882967173,0.5361089147006873
15:30:00,0.9021782861083969,0.6074986121731695,0.5417617000288735
15:31:00,0.9080406919937927,0.6043829678714433,0.5468054920264439
15:32:00,0.9226967067072819,0.6012673235697168,0.5505441044771956
15:33:00,0.934593942180585,0.5981516792679903,0.5533325543409593
15:34:00,0.9327547560204609,0.5950360349662637,0.5549269062247705
15:35:00,0.9431576527386631,0.5919203906645375,0.5553950604052432
15:36:00,0.9238461980573597,0.5888047463628111,0.5544524103830897
15:37:00,0.9203977240071267,0.5856891020610845,0.5522964509055571
15:38:00,0.9194206563595608,0.5825734577593584,0.5488658572161087
15:39:00,0.9167193516868785,0.5794578134576318,0.5440143618361349
15:40:00,0.9252830622449566,0.5763421691559054,0.5381987667578849
15:41:00,0.921202367952181,0.5732265248541792,0.5307356533399967
15:42:00,0.923673774354848,0.5701108805524526,0.5222550930155082
15:43:00,0.9300534513477785,0.5669952362507261,0.5130582445170566
15:44:00,0.9268923501350651,0.5638795919489996,0.5031994415924631
15:45:00,0.9285591125926776,0.5607639476472734,0.49340391008266077
15:46:00,0.9291338582677166,0.5617169108883433,0.4833923743540333
15:47:00,0.934134145640554,0.562669874129413,0.4737150425304607
15:48:00,0.9290763837002125,0.5636228373704832,0.4642074566987436
15:49:00,0.9287315362951892,0.5645758006115531,0.4557811443116368
15:50:00,0.9245933674349099,0.565528763852623,0.44776096968391027
15:51:00,0.9287315362951892,0.5664817270936932,0.44096019939690606
15:52:00,0.9247657911374216,0.567434690334763,0.4355685213619332
15:53:00,0.9235588252198401,0.5683876535758332,0.4308777151372304
15:54:00,0.9185010632794988,0.569340616816903,0.4271132212559132
15:55:00,0.9286165871601816,0.5702935800579728,0.42351797480173137
15:56:00,0.9299385022127707,0.571246543299043,0.4209238464335644
15:57:00,0.9280418414851427,0.5721995065401128,0.4189628620487852
15:58:00,0.9351686878556239,0.5731524697811826,0.41849825803420804
15:59:00,0.9255704350824759,0.5741054330222527,0.41943320177930926
16:00:00,0.9285591125926776,0.5750583962633227,0.4215438459990737
16:01:00,0.9347088913155929,0.5752838409831053,0.4249610638755462
16:02:00,0.9298810276452668,0.5755092857028874,0.4297087625469265
16:03:00,0.9260877061900108,0.57573473042267,0.43462102151329834
16:04:00,0.9312029426978562,0.5759601751424525,0.440650398702517
16:05:00,0.9207425714121501,0.5761856198622348,0.44618123072520743
16:06:00,0.9189033852520259,0.5764110645820173,0.45210526700529013
16:07:00,0.9228691304097936,0.5766365093017999,0.4577657644922479
16:08:00,0.9439622966837173,0.576861954021582,0.4635390278753727
16:09:00,0.9280993160526466,0.5770873987413647,0.4692049083545615
16:10:00,0.9366630266107248,0.5773128434611473,0.4748007923066801
16:11:00,0.9444220932237484,0.5775382881809299,0.4801221199088265
16:12:00,0.9366055520432208,0.577763732900712,0.48364780262794066
16:13:00,0.9370653485832517,0.5779891776204946,0.4864532298964556
16:14:00,0.9343065693430657,0.5782146223402769,0.4873847337329757
16:15:00,0.9455715845738262,0.5784400670600595,0.4870193754431205
16:16:00,0.9327547560204609,0.5734476981812233,0.4854215541424414
16:17:00,0.9385596873383526,0.5684553293023878,0.48458831849743983
16:18:00,0.9343065693430657,0.5634629604235518,0.48298092264070475
16:19:00,0.9390769584458876,0.5584705915447158,0.4806681234294086
16:20:00,0.9314903155353755,0.5534782226658802,0.4778181204047152
16:21:00,0.9396517041209265,0.5484858537870441,0.47353295189356176
16:22:00,0.9420656359560893,0.5434934849082081,0.469111400895006
16:23:00,0.9440772458187251,0.5385011160293726,0.4632716373336872
16:24:00,0.9464337030863842,0.5335087471505365,0.4570012524378137
16:25:00,0.9336168745330191,0.5285163782717005,0.45032714590170475
16:26:00,0.9385596873383526,0.5235240093928649,0.44339648198814513
16:27:00,0.9328122305879648,0.5185316405140289,0.4365561760799549
16:28:00,0.9393068567159032,0.5135392716351929,0.43012029418327863
16:29:00,0.9368354503132363,0.5085469027563573,0.4231123300571778
16:30:00,0.9283292143226622,0.5035545338775212,0.41707918194532995
16:31:00,0.9303982987528018,0.498443733149394,0.4109952292368713
16:32:00,0.9336168745330191,0.49333293242126636,0.4057793422340185
16:33:00,0.9306856715903213,0.4882221316931391,0.40087184895563494
16:34:00,0.944192194953733,0.48311133096501185,0.3965554540691458
16:35:00,0.946950974193919,0.4780005302368842,0.3917198468080533
16:36:00,0.9582734639921833,0.47288972950875696,0.38739531412854344
16:37:00,0.9452842117363066,0.46777892878062965,0.38460448750900605
16:38:00,0.9481579401115006,0.462668128052502,0.3827561063901431
16:39:00,0.9554572101844933,0.45755732732437476,0.38195016788987796
16:40:00,0.8902235760675901,0.45244652659624746,0.3822800881515813
16:41:00,0.9540203459968963,0.4473357258681198,0.38306714673164294
16:42:00,0.897867693545606,0.44222492513999256,0.38303410247779907
16:43:00,0.967124547387781,0.43711412441186526,0.38312146986388645
16:44:00,0.907868268291281,0.43200332368373767,0.3833613976840288
16:45:00,0.9795965285361228,0.42689252295561037,0.3839794471249149
16:46:00,0.9018334387033737,0.42017255695819433,0.3849067095582275
16:47:00,0.8992470831656991,0.41345259096077785,0.38534970027665044
16:48:00,0.8970630496005517,0.4067326249633618,0.38589311233734186
16:49:00,0.8994195068682107,0.4000126589659458,0.38581978583999665
16:50:00,0.9053393873211104,0.39329269296852937,0.38565739663998366
16:51:00,0.8907408471751249,0.38657272697111333,0.3849615508329139
16:52:00,0.8959710328179781,0.3798527609736973,0.38382965130970625
16:53:00,0.8939594229553423,0.3731327949762808,0.3831067317080019
16:54:00,0.8947065923328926,0.3664128289788648,0.3820631743469402
16:55:00,0.9035002011609863,0.3596928629814486,0.3803238081282536
16:56:00,0.8886717627449853,0.3529728969840324,0.37870345026384217
16:57:00,0.8961434565204897,0.34625293098661625,0.37629667102888786
16:58:00,0.8943617449278694,0.33953296498920005,0.37358695168362716
16:59:00,0.8903385252025978,0.33281299899178396,0.3694204142222882
17:00:00,0.8939594229553423,0.32609303299436776,0.36520058475676204
17:01:00,0.9006264727857922,0.3214772071230078,0.3612819729136975
17:02:00,0.8900511523650785,0.3168613812516479,0.35766005343498064
17:03:00,0.8171159262026553,0.312245555380288,0.3536353656971546
17:04:00,0.8422323122018507,0.30762972950892803,0.34990963174505824
17:05:00,0.8403356514742226,0.3030139036375681,0.34596982525608083
17:06:00,0.8459106845220989,0.29839807776620814,0.3424865983349451
17:07:00,0.8393011092591528,0.2937822518948482,0.3391205473689926
17:08:00,0.8524627852175413,0.2891664260234883,0.336507833380209
17:09:00,0.843496752686936,0.28455060015212835,0.33399608640628603
17:10:00,0.8517156158399908,0.2799347742807684,0.331697274319406
17:11:00,0.8509684464624403,0.2753189484094085,0.3295184097976836
17:12:00,0.8486119891947813,0.27070312253804857,0.3276834087101145
17:13:00,0.8490143111673084,0.2660872966666886,0.32637344310718425
17:14:00,0.8505661244899131,0.2614714707953287,0.32548314865114586
17:15:00,0.8551640898902235,0.2568556449239688,0.3252726603884358
17:16:00,0.8509109718949365,0.25409422752753896,0.3259607683024317
17:17:00,0.8477498706822231,0.25133281013110914,0.32727915306245947
17:18:00,0.8533823782976033,0.24857139273467926,0.3291100761048102
17:19:00,0.8512558192999597,0.24580997533824944,0.33138206938738934
17:20:00,0.8505661244899131,0.2430485579418196,0.33439132517886844
17:21:00,0.8449910914420369,0.24028714054538977,0.33771084420285774
17:22:00,0.8456233116845795,0.23752572314895987,0.34125556553893743
17:23:00,0.8515431921374792,0.23476430575253004,0.3454620352472996
17:24:00,0.8479797689522386,0.23200288835610022,0.3511457025170542
17:25:00,0.8475774469797114,0.2292414709596704,0.35728594818400305
17:26:00,0.8471176504396805,0.2264800535632405,0.3633730427958304
17:27:00,0.84637048106213,0.22371863616681067,0.36954874743156074
17:28:00,0.8563135812403011,0.22095721877038083,0.37639839303576456
17:29:00,0.8484970400597736,0.21819580137395098,0.38307884228979744
17:30:00,0.8584401402379447,0.21543438397752115,0.38886462144039396
17:31:00,0.8539571239726421,0.2138776010155693,0.39522971086526715
17:32:00,0.8553365135927351,0.21232081805361744,0.40044089322183957
17:33:00,0.8610839703431231,0.21076403509166555,0.4053483462396409
17:34:00,0.8558537847002701,0.2092072521297137,0.4103671393094942
17:35:00,0.8604517501005805,0.20765046916776184,0.4152212807966546
17:36:00,0.8570032760503477,0.20609368620580995,0.4210003898383046
17:37:00,0.8549916661877118,0.2045369032438581,0.4273008718308006
17:38:00,0.8574630725903788,0.20298012028190623,0.4334146689982359
17:39:00,0.8534398528651072,0.20142333731995438,0.43924114170680356
17:40:00,0.8603368009655726,0.19986655435800246,0.445065640412107
17:41:00,0.8470027013046726,0.1983097713960506,0.4510348414178198
17:42:00,0.8543019713776654,0.19675298843409875,0.4571514802645932
17:43:00,0.852117937812518,0.19519620547214686,0.4626010669734697
17:44:00,0.848726938329789,0.193639422510195,0.468294309729247
17:45:00,0.781884016322777,0.19208263954824314,0.4737523667690273
17:46:00,0.7779182711650094,0.19030157740065087,0.47803482446268875
17:47:00,0.7817115926202656,0.18852051525305855,0.48200523136965334
17:48:00,0.7792976607851025,0.18673945310546625,0.4850172395593894
17:49:00,0.779067762515087,0.18495839095787395,0.48672307023262107
17:50:00,0.7835507787803896,0.18317732881028162,0.4866844958239354
17:51:00,0.7813667452152423,0.18139626666268935,0.4863257969363038
17:52:00,0.796310132766251,0.17961520451509702,0.4859148949700463
17:53:00,0.7836082533478935,0.17783414236750472,0.4843028181049912
17:54:00,0.782401287430312,0.17605308021991242,0.4826634924876506
17:55:00,0.7842404735904361,0.17427201807232015,0.481851032684513
17:56:00,0.7827461348353353,0.17249095592472782,0.4806053289408769
17:57:00,0.7810793723777228,0.17070989377713552,0.47970767108069023
17:58:00,0.7811943215127306,0.16892883162954322,0.477800449840056
17:59:00,0.7844703718604517,0.1671477694819509,0.47494826901266074
18:00:00,0.7741824242772574,0.16536670733435863,0.4720611597304754
18:01:00,0.7774010000574745,0.16372598662875154,0.4682554125380723
18:02:00,0.7775734237599862,0.16208526592314443,0.4642912566739625
18:03:00,0.7708488993620323,0.16044454521753737,0.4611005913600728
18:04:00,0.7753893901948388,0.15880382451193023,0.4592513776005299
18:05:00,0.7779182711650094,0.15716310380632315,0.457129372419808
18:06:00,0.7745847462497845,0.15552238310071606,0.45525380797388604
18:07:00,0.7773435254899707,0.15388166239510895,0.453367576253848
18:08:00,0.7721708144146215,0.1522409416895019,0.45188975531423403
18:09:00,0.7756767630323582,0.15060022098389475,0.4509468311014224
18:10:00,0.7778607965975056,0.14895950027828767,0.44962625752862695
18:11:00,0.7737226277372262,0.14731877957268058,0.4492271275316057
18:12:00,0.7801023047301568,0.14567805886707347,0.4493817003681493
18:13:00,0.7738950514397379,0.14403733816146644,0.44954743848811235
18:14:00,0.7741824242772574,0.14239661745585927,0.45008535582669246
18:15:00,0.779585033622622,0.14075589675025219,0.4518138982534432
18:16:00,0.7690097132019081,0.13737104698627464,0.4531859841660034
18:17:00,0.7765388815449162,0.13398619722229707,0.45340524691428835
18:18:00,0.7693545606069313,0.1306013474583195,0.4538443222732852
18:19:00,0.7720558652796137,0.12721649769434193,0.4540673120662883
18:20:00,0.7713661704695671,0.12383164793036433,0.45414695755245166
18:21:00,0.7684924420943732,0.1204467981663868,0.45361325991310747
18:22:00,0.7696994080119547,0.11706194840240926,0.45365964769455774
18:23:00,0.765676188286683,0.11367709863843169,0.4536957689278431
18:24:00,0.7682625438243578,0.1102922488744541,0.4546786944715331
18:25:00,0.8430944307144088,0.10690739911047653,0.45596946622710477
18:26:00,0.8403931260417264,0.10352254934649899,0.45665779999200135
18:27:00,0.843956549226967,0.10013769958252142,0.4571841835496149
18:28:00,0.8455658371170757,0.09675284981854383,0.45741596370741094
18:29:00,0.8440714983619748,0.0933680000545663,0.45585138171149003
18:30:00,0.8421748376343468,0.08998315029058872,0.45421847920221636
18:31:00,0.8359101097764239,0.0879096202970296,0.452332233454349
18:32:00,0.837289499396517,0.08583609030347052,0.4497623624501473
18:33:00,0.839186160124145,0.08376256030991144,0.4470166538870047
18:34:00,0.8380366687740674,0.08168903031635233,0.4437805645106605
18:35:00,0.8365998045864704,0.07961550032279326,0.44124687988014133
18:36:00,0.8313696189436174,0.07754197032923416,0.4391106686810517
18:37:00,0.8350479912638656,0.07546844033567504,0.4365524670791553
18:38:00,0.8384964653140985,0.07339491034211594,0.43438344802006845
18:39:00,0.830105178458532,0.07132138034855688,0.4329997705774574
18:40:00,0.8338984999137882,0.06924785035499777,0.43202529626688535
18:41:00,0.8353353641013851,0.0671743203614387,0.4313636458544242
18:42:00,0.83585263520892,0.06510079036787958,0.4325624744456706
18:43:00,0.8336686016437727,0.06302726037432048,0.4334253261139248
18:44:00,0.8374044485315247,0.06095373038076142,0.43382606062403406
18:45:00,0.840623024311742,0.05888020038720231,0.4342313004741639
18:46:00,0.8327490085637106,0.05730696754019802,0.43489327646043857
18:47:00,0.8348180929938502,0.05573373469319373,0.4351658358883793
18:48:00,0.8340134490487958,0.054160501846189445,0.43548233306973055
18:49:00,0.8370596011265015,0.05258726899918515,0.43633402623349604
18:50:00,0.832978906833726,0.051014036152180864,0.43645262918065525
18:51:00,0.8359101097764239,0.04944080330517657,0.43734048090454924
18:52:00,0.8355077878038968,0.04786757045817228,0.4381112693815283
18:53:00,0.7564802574860624,0.04629433761116799,0.4383426892733359
18:54:00,0.8280360940283924,0.0447211047641637,0.439277553707796
18:55:00,0.829645381918501,0.043147871917159415,0.44007680006474165
18:56:00,0.8256796367607333,0.04157463907015513,0.4403276589676399
18:57:00,0.8322892120236794,0.040001406223150834,0.4405819467562363
18:58:00,0.8335536525087648,0.03842817337614655,0.44073821576384703
18:59:00,0.8320018391861601,0.03685494052914226,0.4408063867134804
19:00:00,0.8267141789758032,0.035281707682137974,0.4403372139417009
19:01:00,0.8289556871084545,0.034398276604123104,0.4386234300446547
19:02:00,0.8275188229208574,0.03351484552610824,0.43778540192349547
19:03:00,0.8282659922984079,0.032631414448093365,0.43689464364760533
19:04:00,0.8311397206736019,0.031747983370078496,0.43583287217554095
19:05:00,0.8371745502615093,0.03086455229206363,0.4344427846842736
19:06:00,0.8294154836484855,0.02998112121404876,0.43299891302847954
19:07:00,0.833438703373757,0.02909769013603389,0.4307678309360308
19:08:00,0.8259095350307488,0.028214259058019022,0.42873729983471787
19:09:00,0.8267716535433071,0.027330827980004153,0.426774007138579
19:10:00,0.7563078337835508,0.026447396901989283,0.4243163553795645
19:11:00,0.757572274268636,0.025563965823974414,0.421162209019965
19:12:00,0.7638370021265589,0.024680534745959545,0.41823525830991415
19:13:00,0.7614805448588999,0.023797103667944675,0.41591134690732834
19:14:00,0.7629748836140008,0.022913672589929806,0.41199838783087883
19:15:00,0.7693545606069313,0.022030241511914937,0.4085923859131811
19:16:00,0.7634921547215358,0.021306545123288036,0.404905567136364
19:17:00,0.7657911374216908,0.02058284873466113,0.40146653186522907
19:18:00,0.7664808322317375,0.019859152346034234,0.39854399743913277
19:19:00,0.7686073912293809,0.01913545595740733,0.3955378199487017
19:20:00,0.7725731363871486,0.018411759568780432,0.3925729248461272
19:21:00,0.7691246623369159,0.017688063180153528,0.38930821258551584
19:22:00,0.8378642450715558,0.016964366791526627,0.38636241744353345
19:23:00,0.8326340594287027,0.016240670402899726,0.3837831118867089
19:24:00,0.8361974826139432,0.015516974014272827,0.38150673861878565
19:25:00,0.8411402954192769,0.014793277625645924,0.3793005815864953
19:26:00,0.7659635611242025,0.014069581237019024,0.37736787761896057
19:27:00,0.766250933961722,0.013345884848392123,0.37443355807307216
19:28:00,0.7603885280763262,0.012622188459765222,0.3709317220642567
19:29:00,0.7637795275590551,0.01189849207113832,0.36681575069509875
19:30:00,0.7632047818840163,0.01117479568251142,0.3626293927625531
19:31:00,0.7702166791194895,0.010621628935425856,0.3584711761467265
19:32:00,0.7646416460716133,0.010068462188340288,0.35443681855047776
19:33:00,0.7594114604287602,0.009515295441254725,0.3509781716433509
19:34:00,0.7636645784240473,0.00896212869416916,0.3480974391716991
19:35:00,0.7677452727168228,0.008408961947083593,0.34616003899879194
19:36:00,0.7652163917466521,0.007855795199998029,0.34481240522197865
19:37:00,0.7654462900166675,0.0073026284529124665,0.3440359928386854
19:38:00,0.7675728490143111,0.006749461705826899,0.3436435732425241
19:39:00,0.7648140697741249,0.006196294958741335,0.3436744550174675
19:40:00,0.7634921547215358,0.005643128211655772,0.3436827245310935
19:41:00,0.7627449853439853,0.005089961464570204,0.34411141358698727
19:42:00,0.767630323581815,0.00453679471748464,0.34453616141385907
19:43:00,0.7595838841312719,0.003983627970399076,0.3451251323508536
19:44:00,0.7633772055865279,0.0034304612233135114,0.34555129544898705
19:45:00,0.7688372894993966,0.0028772944762279454,0.3458568236055082
19:46:00,0.7610782228863728,0.0027012893858326197,0.3461491938005308
19:47:00,0.7730904074946836,0.0025252842954372936,0.3465249696534743
19:48:00,0.765733662854187,0.0023492792050419683,0.3462104317952995
19:49:00,0.7660210356917063,0.0021732741146466427,0.3454449144610427
19:50:00,0.7672854761767917,0.001997269024251317,0.34433751376702776
19:51:00,0.7663658830967296,0.0018212639338559915,0.3434589496581606
19:52:00,0.7658486119891947,0.0016452588434606656,0.3421707568043677
19:53:00,0.698948215414679,0.0014692537530653397,0.34091801800178334
19:54:00,0.6949249956894074,0.0012932486626700144,0.33948494050716205
19:55:00,0.7011322489798264,0.0011172435722746888,0.3379187812121421
19:56:00,0.6919363181792056,0.000941238481879363,0.3362455790833726
19:57:00,0.6983159951721363,0.0007652333914840372,0.33397819929466627
19:58:00,0.6976837749295935,0.0005892283010887113,0.3313481775208279
19:59:00,0.6972239783895626,0.0004132232106933863,0.32838337982408233
20:00:00,0.7044657738950514,0.00023721812029806044,0.3250194548660983
20:01:00,0.6970515546870509,0.0002283778650102501,0.32159264755837397
20:02:00,0.7030863842749583,0.00021953760972243976,0.31769313068569716
20:03:00,0.6991206391171906,0.0002106973544346294,0.313508020465196
20:04:00,0.693200758664291,0.00020185709914681904,0.3093628925874466
20:05:00,0.7073395022702454,0.0001930168438590087,0.3059011116980461
20:06:00,0.7014770963848497,0.00018417658857119835,0.3021691063449406
20:07:00,0.6991206391171906,0.000175336333283388,0.2979794861901267
20:08:00,0.701304672682338,0.00016649607799557766,0.2930387194801956
20:09:00,0.70607506178516,0.00015765582270776732,0.28850214830617865
20:10:00,0.7006724524397954,0.00014881556741995697,0.28465586197585857
20:11:00,0.6988907408471751,0.0001399753121321466,0.28180976445835537
20:12:00,0.6982585206046323,0.00013113505684433626,0.2789264566481358
20:13:00,0.6982010460371285,0.0001222948015565259,0.2772310828928184
20:14:00,0.6986033680096556,0.00011345454626871557,0.2755704520033968
20:15:00,0.6988907408471751,0.00010461429098090522,0.2737571389269068
20:16:00,0.6994654865222139,0.00010576310619512559,0.2724032352059848
20:17:00,0.6992930628197023,0.00010691192140934598,0.2717517239091843
20:18:00,0.7011897235473302,0.00010806073662356635,0.27171841257543883
20:19:00,0.7110178745904937,0.0001092095518377867,0.2724201493302724
20:20:00,0.7012471981148342,0.00011035836705200709,0.2726083167544789
20:21:00,0.7103281797804472,0.00011150718226622746,0.27258649310639527
20:22:00,0.7033162825449738,0.00011265599748044785,0.2726724085266983
20:23:00,0.7026265877349273,0.00011380481269466822,0.27281258707289063
20:24:00,0.7026265877349273,0.00011495362790888858,0.273472409650645
20:25:00,0.6976837749295935,0.00011610244312310896,0.2742939303904807
20:26:00,0.7050979941375941,0.00011725125833732935,0.2755994518659953
20:27:00,0.702281740329904,0.0001184000735515497,0.27717078350224644
20:28:00,0.7066498074601988,0.00011954888876577009,0.27937771927274846
20:29:00,0.7063624346226793,0.00012069770397999046,0.282688126005367
20:30:00,0.7072245531352376,0.00012184651919421082,0.2855740198309703
20:31:00,0.7034887062474855,0.00011989939962049174,0.2888354122085262
20:32:00,0.7037760790850048,0.00011795228004677268,0.29280767626052817
20:33:00,0.7019368929248807,0.00011600516047305364,0.29735770165667846
20:34:00,0.7029714351399505,0.00011405804089933456,0.30175039468306114
20:35:00,0.6995229610897177,0.00011211092132561553,0.30586657616489193
20:36:00,0.7064773837576872,0.00011016380175189645,0.30997848231610625
20:37:00,0.7023966894649117,0.00010821668217817737,0.3141470267311548
20:38:00,0.7012471981148342,0.00010626956260445834,0.3179884638986453
20:39:00,0.7083165699178113,0.00010432244303073926,0.32287950413538613
20:40:00,0.7054428415426173,0.00010237532345702018,0.3286925758891201
20:41:00,0.7100408069429277,0.00010042820388330115,0.33477520602392236
20:42:00,0.712282315075579,9.848108430958208e-05,0.34099749425678316
20:43:00,0.7097534341054084,9.6533964735863e-05,0.34745149324884883
20:44:00,0.7141789758032071,9.458684516214397e-05,0.354269970243891
20:45:00,0.7131444335881372,9.263972558842489e-05,0.3614496698825967
20:46:00,0.7132019081556411,9.218337707673355e-05,0.3688471810913552
20:47:00,0.7054428415426173,9.172702856504216e-05,0.37666196804489965
20:48:00,0.6973964020920742,9.12706800533508e-05,0.38377372266320064
20:49:00,0.7071670785677338,9.081433154165942e-05,0.3903152151024065
20:50:00,0.7059026380826484,9.035798302996806e-05,0.3965310613971538
20:51:00,0.6969366055520432,8.990163451827671e-05,0.4024725413997902
20:52:00,0.7002126558997643,8.944528600658537e-05,0.4076047595384954
20:53:00,0.7036036553824933,8.898893749489398e-05,0.4113548537105892
20:54:00,0.7006149778722914,8.853258898320264e-05,0.414258570753542
20:55:00,0.7086614173228346,8.807624047151128e-05,0.4167040226617703
20:56:00,0.6973964020920742,8.761989195981989e-05,0.4187521373537764
20:57:00,0.7062474854876717,8.716354344812854e-05,0.4198512901242053
20:58:00,0.7119949422380596,8.670719493643716e-05,0.4194441721528048
20:59:00,0.7038910282200126,8.625084642474581e-05,0.41824287866971627
21:00:00,0.7126271624806022,8.579449791305445e-05,0.4163332770744936
21:01:00,0.7040634519225243,8.590864614816953e-05,0.4140808989042446
21:02:00,0.7132019081556411,8.602279438328464e-05,0.4116535763832021
21:03:00,0.7102707052129432,8.613694261839972e-05,0.40843433140642527
21:04:00,0.7046956721650669,8.62510908535148e-05,0.40401743025019793
21:05:00,0.7060175872176562,8.636523908862992e-05,0.3990424358474713
21:06:00,0.7064773837576872,8.647938732374499e-05,0.39354555782109685
21:07:00,0.7068797057302143,8.659353555886008e-05,0.38793518694226
21:08:00,0.7095235358353928,8.670768379397519e-05,0.38203626856867334
21:09:00,0.7037760790850048,8.682183202909025e-05,0.37539023817185824
21:10:00,0.7067072820277027,8.693598026420533e-05,0.368838046636014
21:11:00,0.7053853669751134,8.705012849932045e-05,0.36237887998245805
21:12:00,0.710845450887982,8.716427673443553e-05,0.3552245297692465
21:13:00,0.7083165699178113,8.72784249695506e-05,0.34869897982990294
21:14:00,0.704178401057532,8.739257320466572e-05,0.3422899948262523
21:15:00,0.7083740444853152,8.75067214397808e-05,0.3360784694703686
21:16:00,0.7092361629978734,8.836222213122149e-05,0.3298421025391371
21:17:00,0.7091786884303696,8.921772282266224e-05,0.32388522711058904
21:18:00,0.7097534341054084,9.007322351410293e-05,0.3184551280017862
21:19:00,0.7097534341054084,9.092872420554367e-05,0.3126241376215253
21:20:00,0.7130869590206333,9.178422489698438e-05,0.3065705569850511
21:21:00,0.7137766538306799,9.263972558842507e-05,0.2997491956774629
21:22:00,0.7095810104028967,9.349522627986577e-05,0.2927261093291759
21:23:00,0.7084889936203229,9.43507269713065e-05,0.2860425640534574
21:24:00,0.7011897235473302,9.520622766274721e-05,0.27940355815270634
21:25:00,0.7061900109201679,9.606172835418792e-05,0.2727739690654266
21:26:00,0.7092936375653772,9.691722904562865e-05,0.26556558511765094
21:27:00,0.7036036553824933,9.777272973706935e-05,0.2580747824793329
21:28:00,0.646473935283637,9.862823042851005e-05,0.25103642012682253
21:29:00,0.6445197999885051,9.948373111995078e-05,0.2445531482578443
21:30:00,0.6468762572561642,0.00010033923181139148,0.23820258791580856
21:31:00,0.6456118167710788,9.822883381999174e-05,0.23237399539145534
21:32:00,0.6500373584688776,9.611843582859198e-05,0.22707981385361112
21:33:00,0.6460141387436059,9.400803783719221e-05,0.22206676780456847
21:34:00,0.644117478015978,9.189763984579247e-05,0.21739714773644966
21:35:00,0.6413012242082877,8.978724185439273e-05,0.21289082097262535
21:36:00,0.6456692913385826,8.767684386299297e-05,0.20874805938745558
21:37:00,0.6433703086384275,8.556644587159323e-05,0.2055204457850979
21:38:00,0.6442324271509856,8.345604788019344e-05,0.20270885199958863
21:39:00,0.6411862750732801,8.13456498887937e-05,0.20024140739013144
21:40:00,0.643082935800908,7.923525189739394e-05,0.1979019581613646
21:41:00,0.6375653773205356,7.71248539059942e-05,0.19573655870521642
21:42:00,0.6327949882177136,7.501445591459446e-05,0.19407758365222427
21:43:00,0.6340019541352951,7.290405792319467e-05,0.19301193945536613
21:44:00,0.6380251738605667,7.079365993179492e-05,0.19242939272872683
21:45:00,0.6317604460026438,6.868326194039518e-05,0.19294569151748145
21:46:00,0.6307833783550778,5.999797449212006e-05,0.19423893406228027
21:47:00,0.6342318524053107,5.131268704384495e-05,0.19625539597851172
21:48:00,0.6326225645152019,4.262739959556984e-05,0.1990184227756617
21:49:00,0.6400367837232024,3.3942112147294734e-05,0.2025166709371262
21:50:00,0.6479682740387378,2.5256824699019626e-05,0.20657601543133824
21:51:00,0.6410138513707684,1.6571537250744517e-05,0.2102098892026207
21:52:00,0.6377378010230472,7.886249802469414e-06,0.21399818699725184
21:53:00,0.639749410885683,-7.990376458057015e-07,0.2179493826253219
21:54:00,0.6456118167710788,-9.484325094080813e-06,0.22166545752398453
21:55:00,0.6398068854531869,-1.816961254235592e-05,0.224798096525312
21:56:00,0.6394045634806598,-2.685489999063103e-05,0.22726087656393207
21:57:00,0.6437726306109547,-3.554018743890615e-05,0.22941570387743349
21:58:00,0.6410138513707684,-4.4225474887181246e-05,0.23162495032337616
21:59:00,0.6355537674578998,-5.291076233545636e-05,0.23370792901194049
22:00:00,0.6319328697051554,-6.159604978373147e-05,0.23582445895570445
22:01:00,0.6321052934076671,-6.176714992201959e-05,0.2378695596325728
22:02:00,0.636013563997931,-6.193825006030775e-05,0.23959269316758955
22:03:00,0.6331398356227369,-6.210935019859587e-05,0.24087616021230554
22:04:00,0.6353238691878843,-6.228045033688401e-05,0.24200162868641312
22:05:00,0.6345766998103339,-6.245155047517217e-05,0.2433412404161754
22:06:00,0.6305534800850623,-6.262265061346028e-05,0.24469653685986947
22:07:00,0.6343468015403184,-6.279375075174844e-05,0.24621809980842108
22:08:00,0.6311282257601011,-6.296485089003656e-05,0.24797277649849095
22:09:00,0.6384849704005977,-6.313595102832472e-05,0.24998008758313667
22:10:00,0.6403241565607218,-6.330705116661284e-05,0.2515601032190548
22:11:00,0.6428530375308926,-6.3478151304901e-05,0.2537369254882068
22:12:00,0.6403241565607218,-6.364925144318912e-05,0.25631496328529607
22:13:00,0.6453819185010632,-6.382035158147725e-05,0.25892444942782616
22:14:00,0.6432553595034197,-6.399145171976541e-05,0.2613910495747749
22:15:00,0.6422782918558538,-6.416255185805353e-05,0.263336002123069
22:16:00,0.6387723432381172,-5.701716565437171e-05,0.2656454700510281
22:17:00,0.6345766998103339,-4.9871779450689916e-05,0.2679819570807529
22:18:00,0.6363009368354503,-4.272639324700809e-05,0.2698926218615383
22:19:00,0.6326225645152019,-3.558100704332626e-05,0.27119564852819444
22:20:00,0.6308983274900857,-2.843562083964444e-05,0.2726677661098625
22:21:00,0.6330823610552331,-2.1290234635962618e-05,0.27433363226209445
22:22:00,0.6285993447899304,-1.41448484322808e-05,0.27613744168644094
22:23:00,0.6285993447899304,-6.999462228598981e-06,0.27752289757725457
22:24:00,0.627392378872349,1.459239750828348e-07,0.2796572310253514
22:25:00,0.6294039887349848,7.291310178764651e-06,0.2812749833635911
22:26:00,0.6338870050002874,1.443669638244647e-05,0.2827754439622261
22:27:00,0.6322777171101787,2.1582082586128302e-05,0.28508596944752634
22:28:00,0.6343468015403184,2.8727468789810117e-05,0.2880765934319387
22:29:00,0.6379676992930627,3.587285499349193e-05,0.2913931463917562
22:30:00,0.6401517328582103,4.301824119717375e-05,0.2942610836601517
22:31:00,0.6408414276682568,4.3987890123729564e-05,0.29702821963718057
22:32:00,0.6410713259382723,4.495753905028534e-05,0.29904568762648337
22:33:00,0.6441749525834818,4.5927187976841154e-05,0.2996242973239047
22:34:00,0.6463015115811253,4.689683690339697e-05,0.29981123957458705
22:35:00,0.6458417150410943,4.786648582995275e-05,0.2998440278540131
22:36:00,0.6360710385654348,4.883613475650856e-05,0.2993752374167745
22:37:00,0.6327375136502098,4.980578368306438e-05,0.29844668999157087
22:38:00,0.6325650899476981,5.077543260962015e-05,0.29701759411187856
22:39:00,0.6338870050002874,5.174508153617597e-05,0.2950476888750108
22:40:00,0.6294614633024886,5.271473046273179e-05,0.2930046470149446
22:41:00,0.6363009368354503,5.368437938928756e-05,0.29101673696940866
22:42:00,0.634979021782861,5.465402831584338e-05,0.288681001978023
22:43:00,0.6319328697051554,5.562367724239919e-05,0.28641544185370293
22:44:00,0.6300936835450313,5.6593326168954975e-05,0.28439942585154676
22:45:00,0.6363009368354503,5.756297509551078e-05,0.28250671729614335
22:46:00,0.6261854129547675,5.985253937457512e-05,0.2807841677603118
22:47:00,0.6241163285246278,6.214210365363943e-05,0.2789603831185751
22:48:00,0.6257256164147365,6.443166793270377e-05,0.27795415195855194
22:49:00,0.6332547847577447,6.672123221176808e-05,0.27659307312967574
22:50:00,0.6412437496407839,6.901079649083243e-05,0.27599501749554606
22:51:00,0.638312546698086,7.130036076989677e-05,0.27534665536952657
22:52:00,0.6379676992930627,7.358992504896107e-05,0.2743076583632111
22:53:00,0.6465314098511409,7.587948932802542e-05,0.2731818450679689
22:54:00,0.6440025288809701,7.816905360708972e-05,0.2716786016313994
22:55:00,0.6409563768032644,8.045861788615407e-05,0.27062089275400336
22:56:00,0.6439450543134663,8.274818216521842e-05,0.2692581969664351
22:57:00,0.6415311224783034,8.503774644428272e-05,0.2677055827611271
22:58:00,0.6394620380481636,8.732731072334706e-05,0.26648995915824175
22:59:00,0.6313006494626128,8.961687500241136e-05,0.26570388694962804
23:00:00,0.6387148686706132,9.190643928147571e-05,0.2651752096439626
23:01:00,0.6364733605379619,8.995907527898767e-05,0.2648808961943927
23:02:00,0.6308983274900857,8.801171127649963e-05,0.2647419868107186
23:03:00,0.6355537674578998,8.606434727401161e-05,0.26525298218704685
23:04:00,0.6314155985976205,8.411698327152353e-05,0.266402111695686
23:05:00,0.6300936835450313,8.216961926903551e-05,0.2677009624299337
23:06:00,0.6260704638197597,8.022225526654746e-05,0.2689608237567624
23:07:00,0.6285993447899304,7.827489126405944e-05,0.27002800259814946
23:08:00,0.6281970228174032,7.632752726157136e-05,0.2710118251567266
23:09:00,0.631185700327605,7.438016325908334e-05,0.27194122179538693
23:10:00,0.638312546698086,7.24327992565953e-05,0.2723728893297255
23:11:00,0.6327949882177136,7.048543525410728e-05,0.27249662338911484
23:12:00,0.6320478188401631,6.853807125161923e-05,0.2723479144244882
23:13:00,0.6371630553480085,6.659070724913117e-05,0.27158120106326117
23:14:00,0.6384849704005977,6.464334324664313e-05,0.27048301055777596
23:15:00,0.6401517328582103,6.26959792441551e-05,0.26893348045121074
23:16:00,0.6457842404735904,6.218267882929067e-05,0.26710089327963366
23:17:00,0.6448071728260244,6.166937841442625e-05,0.2643941197557463
23:18:00,0.6348640726478533,6.115607799956181e-05,0.26103348611958743
23:19:00,0.6309558020575895,6.064277758469738e-05,0.257614478722184
23:20:00,0.6294039887349848,6.0129477169832963e-05,0.2537848466694831
23:21:00,0.6309558020575895,5.961617675496853e-05,0.2502135553500395
23:22:00,0.6296913615725042,5.910287634010414e-05,0.2472946243172622
23:23:00,0.6270475314673257,5.858957592523968e-05,0.2452567887187153
23:24:00,0.6414161733432956,5.807627551037529e-05,0.2434365279716693
23:25:00,0.6293465141674808,5.7562975095510855e-05,0.24219856575410106
23:26:00,0.6330823610552331,5.704967468064643e-05,0.24026306800692496
23:27:00,0.6309558020575895,5.6536374265782003e-05,0.23788988249090506
23:28:00,0.6310707511925973,5.602307385091758e-05,0.23516430751293718
23:29:00,0.6270475314673257,5.5509773436053145e-05,0.23225342465315293
23:30:00,0.6261854129547675,5.499647302118872e-05,0.22944138820061918
23:31:00,0.6367607333754813,5.476842097972752e-05,0.22673508807253526
23:32:00,0.6318179205701477,5.454036893826633e-05,0.22393378402596997
23:33:00,0.6372205299155124,5.431231689680513e-05,0.22086990738043963
23:34:00,0.6377378010230472,5.4084264855343934e-05,0.21800242877791473
23:35:00,0.6426806138283809,5.385621281388274e-05,0.21576929814102241
23:36:00,0.6391746652106443,5.362816077242154e-05,0.2137154032527453
23:37:00,0.6414736479107994,5.340010873096035e-05,0.211665937714954
23:38:00,0.6452669693660555,5.3172056689499115e-05,0.20937832613202614
23:39:00,0.6365883096729698,5.294400464803792e-05,0.206877547640334
23:40:00,0.6302661072475428,5.271595260657672e-05,0.20467038885013195
23:41:00,0.6271050060348295,5.248790056511553e-05,0.202504594323313
23:42:00,0.6300936835450313,5.225984852365434e-05,0.20026610871424483
23:43:00,0.6313581240301166,5.203179648219314e-05,0.19827811921138078
23:44:00,0.6302661072475428,5.1803744440731944e-05,0.1961639239555682
23:45:00,0.6319903442726593,5.1575692399270745e-05,0.194232388930612
23:46:00,0.6276222771423645,5.208899281413517e-05,0.1923254400135815
23:47:00,0.6285418702224266,5.26022932289996e-05,0.19005730780201682
23:48:00,0.626875107764814,5.311559364386403e-05,0.18871850253435837
23:49:00,0.630208632680039,5.3628894058728454e-05,0.18688864541156008
23:50:00,0.6269325823323179,5.414219447359289e-05,0.1840549684636931
23:51:00,0.6286568193574343,5.465549488845731e-05,0.18155574118436824
23:52:00,0.6304960055175585,5.51687953033217e-05,0.17923726154498157
23:53:00,0.628771768492442,5.568209571818617e-05,0.1769932167096603
23:54:00,0.6310707511925973,5.6195396133050556e-05,0.17468514361768817
23:55:00,0.6308983274900857,5.670869654791498e-05,0.17230938014729022
23:56:00,0.6326800390827059,5.7221996962779414e-05,0.17026913950743194
23:57:00,0.6304960055175585,5.773529737764384e-05,0.16904122238070488
23:58:00,0.6298063107075119,5.824859779250827e-05,0.16827805184207428
23:59:00,0.6331973101902407,5.876189820737269e-05,0.16775120373826358
